0,1,2,3,4,5,6,7,8,9,10,11,12,13,14,15,16,17,18,19,20,21,22,23,24,25,26,27,28,29,30,31,32,33,34,35,36,37,38,39,40,41,42,43,44,45,46,47,48,49,50,51,52,53,54,55,56,57,58,59,60,61,62,63,64,65,66,67,68,69,70,71,72,73,label
-8.588311337259153e-06,0.5092935272162117,0.9999999897207896,11438.653454969732,3588.5679143407774,288.2818997716169,287.1329755412125,284.81298947324916,58.13614633247643,89.77105291963592,6.066208808045767,1130.7749792618288,4654.5,-146.42336704391244,13.081314830682786,-47.37576063354887,31.74475431732211,-38.56732578023374,14.494463761797196,-27.580645487279373,11.676982095765833,-24.86434326742413,7.003095104079149,-22.483244510515547,7.310083585665328,-18.36645955190785,5.369931635797044,6.325010046185253,11.039635890286704,5.161854014541153,11.640002288726546,9.752413663780617,10.866172192997377,11.833781974269955,12.88699202107944,11.186951694926414,11.046207790651302,10.553212027050082,10.820452543195755,0.17457068696973896,0.1915820306697814,0.20189201207244603,0.1829679408998104,0.0943461207516986,0.08111016467839673,0.08489764905980675,0.08957510079846545,0.09561791509069294,0.10116334706545221,0.1066289895251518,0.12475737555971866,0.34449276366603804,0.3497847771944449,0.3567324991594581,0.35449419126065296,0.24731067493755127,0.24530361285545765,0.24978860118909435,0.25551119630611985,0.26504080757306964,0.27185440020911733,0.27668066278569653,0.28853572521907356,35.58639663765194,10.185784574576129,11.512754806058918,12.4058123123432,21.373184896141996,25.009776925450353,66.64360789172203,0.3119612068965517,0.08040213595610113,0.5043479800224304,0.027345899492502213,Torpedo
-3.2956663919974713e-06,0.49761993895853923,0.9999999899865689,10920.289121404314,3588.313309582545,289.1396737536969,282.9162226237451,281.4568690661447,56.81470908141213,87.70620245602568,5.911946557238309,1130.08597195707,4654.5,-149.04440392460197,13.459021648908795,-46.211394286572,32.9303748157351,-37.65817425239708,13.916233419249053,-27.755842522522062,12.341941851079195,-25.10302208856732,6.990863372890902,-22.556400545769417,7.721191860349133,-17.636469315965588,5.369392345070496,6.823540998540166,10.521523175623463,5.008103919347491,12.561311563167711,9.914873258403247,10.133665017792964,12.123520552863928,11.759219543540215,10.73615444821733,11.749937901855459,10.63049239020786,11.360023123810132,0.17458932970007165,0.19163837806557266,0.201876423001217,0.18298769194057718,0.09435266165919079,0.08104206607302743,0.08490389159052777,0.08954976419080396,0.09559483218338766,0.101173082280957,0.1066368310616952,0.12478102892273057,0.34451198023317636,0.3498700338962987,0.3567147144566679,0.35451841005320633,0.24733544401103946,0.24511681519423173,0.24983362918042828,0.255459896119775,0.2650482175781193,0.2718952110200997,0.27674763892007676,0.28860616160138663,35.01002452534943,9.699146526291567,11.992962708686662,12.357294252233752,21.07679345975279,25.303031354720524,66.73881169849331,0.31196681932471265,0.08040471260287825,0.4927893877029419,0.026567114517092705,Torpedo
-5.697221715030903e-06,0.5076726485779466,0.9999999898405629,11365.959950265305,3587.8810703073596,296.3015236077671,291.79001853153096,289.5653019341293,57.965720516579864,89.47589168045069,6.140542280983787,1129.975707306352,4655.0,-146.35936129009025,13.381085402911085,-47.04089624999334,32.77722151504049,-37.54545623918366,14.001792150900439,-28.436157954182487,11.696260344357471,-24.731636557663013,7.371740816278536,-22.362743707097263,7.5290215705350345,-18.666397500132298,5.229063604984748,6.588263118783485,10.665804651752863,4.996637618400415,11.951421204612302,9.683193304734674,10.191692395696377,11.786138833360024,12.995676131829141,11.109682464983582,11.689086629243867,10.285056409603678,9.893092691723917,0.17456809325126688,0.1916081785726293,0.2019158752987914,0.18301380570934123,0.09435550620569763,0.08107025719759826,0.08492162725975982,0.08954523847135056,0.095625931506566,0.10117064046343681,0.10665347228676979,0.12482754970765869,0.3444823118145189,0.3497475985023839,0.3567744805184829,0.3545420727581924,0.24731602645320083,0.24522507355345058,0.24983796881128328,0.25545876013514,0.2651166240888623,0.2718405075254995,0.2767796258092449,0.2886455047993912,36.27487044395198,9.91830413415418,11.739026074921199,12.030677868413697,21.3622293450549,25.17726037167111,66.74883789170454,0.31196681932471265,0.08040471260287825,0.5027455687522888,0.027166733518242836,Torpedo
-4.739542335138614e-06,0.4933729134152321,0.9999999900639877,10734.682278600512,3587.529058146037,283.24603198967225,280.30382841650953,279.79308326240454,56.2866352576733,86.98561356175261,5.87045846433099,1127.096711178116,4654.0,-150.75688186900672,11.787069253086534,-47.74211030663156,32.48116670275593,-37.90804138543288,13.911182382524753,-28.510208132338825,11.242923517184925,-24.41166438068934,7.596813409185637,-22.008117068601603,8.130103370595167,-17.813102967628513,4.951328477875004,6.6337151759671835,11.99718800790349,5.225546801967731,11.924195761180407,10.173498792241123,10.654956445250445,11.822639860252561,12.68862315426385,10.957498990661975,10.530175146414214,10.814063421608886,10.806084070203172,0.17457315292068082,0.19168082790176033,0.20190933344776396,0.18301741016523793,0.09438911553128346,0.08115162342431634,0.08487985062690254,0.08951740341483073,0.0955974005657612,0.10116785162513448,0.1066411321420165,0.12477729910057918,0.3445074255201501,0.349968123785703,0.35669999446804423,0.3545586845960826,0.2473631274730063,0.2454608173874325,0.24979609487288995,0.2553712900190637,0.26506250194295616,0.2718927700858117,0.27672969210735976,0.28862745279344726,35.46806135991571,9.897983577221865,12.122831320235647,12.48514938934191,21.094800652293753,24.990816954812047,66.61244239626811,0.31196681932471265,0.08042212719112217,0.4885934293270111,0.02641015686094761,Torpedo
-3.7272694961202174e-06,0.4904366955542569,0.9999999901790103,10607.291519079148,3589.0195077025737,278.2225732314846,276.22706125085745,276.1538563006932,55.971389856175236,86.45516197854262,5.799508227654697,1128.618783623137,4654.5,-150.56674020370417,12.689027590930781,-46.495790150215555,33.90792207034636,-37.667539374162466,12.976963042624119,-28.12963086365335,12.799940996279151,-24.103018523306282,7.381801379319307,-21.423294488400085,8.67868598286408,-17.907366501884223,5.3355053993620505,6.325954166889808,11.047380442996989,5.036378853992559,11.857372751466562,9.201127088832408,11.04771440498034,11.913996194349052,12.489569148814772,11.275257038656632,10.144181849989504,11.255132510173665,10.20222212042469,0.17455037814451466,0.19164646468398858,0.20190095066592248,0.1829527883092104,0.0944045896860041,0.08111004139576752,0.08488557825169062,0.08953162199628897,0.09554552383492408,0.10115131111444689,0.1066317468011615,0.12477189475548457,0.3444701796664925,0.34985383223121896,0.3567295963091597,0.3544850457892808,0.247373864471027,0.2452838045138657,0.24979060912073395,0.25539684314318656,0.26491993128791536,0.2718092101255871,0.2767357537474908,0.28861974034881505,36.090248746149776,10.130183635803833,12.529576875846537,12.389944800724452,20.966640223205864,25.15262474484515,66.66444501962178,0.31197243175287354,0.08040681162553681,0.485678493976593,0.026430552825331688,Torpedo
-4.441391479960851e-06,0.5058459227181663,0.999999989499912,11284.312301969068,3587.963588181411,292.08086604852065,289.79092682108,289.77997565095484,57.735864778033886,89.16771958595095,5.997287087080331,1128.345883185797,4654.5,-147.7581767281401,12.389708254239673,-47.541001274592645,32.48913086078804,-38.06442694906425,13.185611250687822,-28.94338836851854,11.535795302384033,-24.57711332190435,6.950953633682701,-22.386543393614087,7.324868958786896,-18.188773409819568,4.559737832808087,6.5680399046142615,11.03989465304445,5.599930177123823,11.388252141350533,9.43323860096181,11.19598579608289,12.014884358411484,11.805324977448437,11.151490208847255,10.759127663565094,10.4728332094537,10.962785369783441,0.17453247178792103,0.1916043255575312,0.20192663754902263,0.18293404450979003,0.09439842344630492,0.08111113975775942,0.08488079219629505,0.08950217226933277,0.09560101912625028,0.10115890960808828,0.10662826122636647,0.12482280231774137,0.3444633600730126,0.34973929069410153,0.3567337875890337,0.35444167552205147,0.2473955617503865,0.24533877210036414,0.24979329531871505,0.25536011172463063,0.2650191588215772,0.2718566940656581,0.2767160121288142,0.28868197413537133,35.842183678463776,9.944475264174722,12.192372051530219,12.241950166463168,21.084563398141192,25.211915991667574,66.4372788482228,0.3119612068965517,0.08041273544732683,0.5009339451789856,0.027069903910160065,Torpedo
-7.267656525883962e-06,0.49154147279836813,0.9999999898661966,10655.134161432103,3587.418638683557,282.3406113916124,280.9782335681274,280.95867500875755,56.091146750813834,86.65400980792658,5.845539087257891,1127.2551789294298,4654.5,-150.87142450785055,12.956675769899642,-46.316797557194505,34.15591760200092,-36.75516939060107,14.3103252417754,-28.032985245532487,12.505372353754828,-23.978711008134887,6.726759354896145,-22.646742328378664,8.230638587369095,-17.541184132906835,5.83805143060393,6.267509860302514,11.485745191738543,4.958628518189242,12.079732680101777,10.040473942137115,10.67024234605963,11.197713124709836,12.294356542728778,10.806894636519699,11.278672775097869,10.239146697856022,11.640157386730069,0.17462365246711992,0.19160700891299798,0.201951290278694,0.18299321700283008,0.09436026043712833,0.08109321270478678,0.08488659059799358,0.08953089621083929,0.09555456196829777,0.10115681602203785,0.10660223202017413,0.12483057261409311,0.34458027808741293,0.34973031951875083,0.3567782926406646,0.3545280983892655,0.24730671310277164,0.24534391984997178,0.24984046740070473,0.25544218069728275,0.26493902603736236,0.27192376068324975,0.2766964920095776,0.28868783237183643,36.31325120081937,10.154956915778481,11.425181782540019,12.649255106855874,21.083000238411376,25.13311621612065,66.54120081989343,0.3119780441810345,0.08040631997807393,0.48677343130111694,0.026174046099185944,Torpedo
-3.051536035104431e-06,0.5006786092030885,0.9999999898337539,11054.946974777722,3587.2743329938503,290.62183782392094,287.046825997044,285.5339982008095,57.11729211919657,88.27548873734561,5.9209095235465785,1125.93452924569,4653.5,-149.62676304908905,12.458408979493642,-47.57720239841485,32.49039264980874,-37.876027020857215,13.219624472704641,-28.725146629925906,11.465490591318295,-24.315381674638456,7.944168082746171,-22.55991444273418,7.727895505739896,-17.487376579114127,5.143535195052757,6.7106250570139645,11.081221701558357,5.020746534683179,11.763933478883418,9.472312215831133,10.781504690261515,11.386682839612607,12.930586177136064,11.876076599569872,10.685967939272784,11.011257465919718,11.15066877006177,0.1745813885549863,0.19168040280136628,0.2018909344526575,0.18295149669238092,0.09437186294271796,0.08108071544384603,0.08489736357934365,0.08952391114839257,0.09556402083099162,0.10116358733007276,0.10664636887390601,0.12473570873961641,0.3445139538913937,0.3499389628206953,0.3567513246667451,0.35446928147564927,0.24733291132646687,0.2452870891459213,0.24986502134685037,0.2554710501764336,0.26498596430406185,0.2718202733569297,0.27673708744129283,0.2885740710942006,35.77868869846601,9.999644490831313,12.003384201507277,12.51236491156946,21.11779527636886,25.20757809740774,66.8734273380364,0.3119612068965517,0.08040326072722595,0.495828241109848,0.026796629652380943,Torpedo
-3.7794060223649905e-06,0.5047600602762541,0.9999999897096626,11235.91788427879,3588.89891702833,292.65177767273116,290.70576062113463,289.54357982832204,57.60930299126497,88.97800901700259,6.042017492987359,1129.2504388658458,4655.0,-148.28419373718052,12.852052763702519,-47.16021053254137,32.50079653605677,-37.506816117530605,14.079044611407753,-28.200407729062487,12.062470244165054,-24.33724463350462,7.64505486446508,-21.97149376492812,7.767074251430605,-17.800490526172556,5.177680799889504,6.253016642821502,11.361755153301338,5.202396195727951,11.138424708731232,9.79451244414973,10.620489411996305,12.096055875765066,12.053092250301422,11.15766984050491,11.379118018249898,10.227598994351034,11.037610417312182,0.17457260183723192,0.19161402541641795,0.20191146854272304,0.18297582938452006,0.0943731397431221,0.08112674125882949,0.08491165579934447,0.08955256658802677,0.09556110188221524,0.10115404479976944,0.10665349197845043,0.12470266548444853,0.344502122556835,0.34981458934637727,0.3567556228097137,0.3545264685359785,0.2473526649262099,0.24532855398063083,0.24982833830885648,0.25545982850744203,0.26498581593186815,0.2718554213701994,0.27681545365730725,0.2884881237936243,35.125772664388094,10.053030827330575,11.876554688954473,12.487383341195969,21.228584438423983,25.273436961993504,66.71864177127593,0.3119612068965517,0.08041273544732683,0.49985942244529724,0.02685724012553692,Torpedo
-2.863242155555503e-06,0.5068186095470814,0.9999999896904154,11327.751041922285,3589.221829616314,286.37710887221414,286.08914348242234,284.8803450344325,57.8379255052807,89.34497977281015,6.0263420868985484,1129.4866791909978,4655.0,-148.27074654057714,11.884877653266168,-47.04499085294222,32.96232284764728,-37.36556169776708,13.556469133613808,-28.225531327559214,11.637444201179543,-25.17875779848534,6.480902247627797,-23.4462011632047,7.964870122958945,-17.321027734553297,5.597523865342165,6.405279321382185,11.141936650442776,4.7797602294078345,11.930144729785662,9.57064801122921,10.111436765897276,11.765360503740903,12.86900361845257,10.419086779542852,11.920763386466126,10.70672798031616,10.839917159586347,0.174571933244408,0.19165184332695734,0.2018804929067798,0.18297599947465404,0.09433515069415833,0.08105338315806127,0.08489115900419901,0.08953396084289955,0.0955759193746005,0.1011717402051512,0.10664910399010132,0.12475313885775281,0.34449936371386763,0.349891001644365,0.35670498887480695,0.35447750812546547,0.24733009064331743,0.2452501684997885,0.24979347484686196,0.2554265062777181,0.2650194133378802,0.2718865495391691,0.27671908141539026,0.28859390318096456,35.939753326792875,10.270376872952879,12.145537672063854,12.472840444638383,21.146400108833497,25.19815255272009,66.91445804698004,0.3119612068965517,0.08041382599094388,0.5019082427024841,0.02691694162786007,Torpedo
-3.016310280643364e-06,0.5082918595617998,0.9999999896803472,11393.703099709772,3588.8440093195936,295.15837939217647,290.1961521671787,289.0589089728834,58.0057594281078,89.60488250336874,6.075801882757975,1128.44581977568,4654.5,-147.61403592150984,12.394679374972128,-46.97871576927878,32.60516770108703,-38.2699272264596,13.932230768613131,-28.16472854081372,12.264096082375305,-24.96682278233964,6.219014112431292,-23.072246126366583,7.64733032881842,-17.957219943418718,5.19777901332716,7.077015155039035,10.917993470429332,5.05222434590185,12.008846864161475,9.807497458985278,10.560535616684469,12.02630706420726,11.700660589557556,10.914003704042162,11.201764493321196,9.932286331381476,10.877437956917333,0.17458406433786616,0.19165774029088065,0.20190650841527177,0.1829606118050819,0.09439635777048372,0.081106085082367,0.08488090874809642,0.08952685438033182,0.09558394619196375,0.101158935181882,0.10664000616005874,0.12478886071933906,0.3445291129872871,0.3499121654433796,0.35673598373337073,0.35448480705610846,0.2473555025275548,0.24530732333974165,0.24983299244064153,0.25539127293510666,0.26501603375449184,0.2719034860677057,0.2767459704428448,0.2886133027636331,35.76224016798487,10.38174383470211,11.515191283110546,12.14242747739595,21.305588021431674,25.16872114707539,66.6159161811049,0.31196681932471265,0.08041616371564705,0.5033623576164246,0.027054307982325554,Torpedo
-2.8728156654879907e-06,0.5000077103879901,0.9999999900162955,11025.34003109607,3588.1773831979995,281.8918846190617,281.5820013336919,280.97822725726496,57.077572599627594,88.13336901020334,6.026861635098545,1129.5221767742546,4654.5,-148.63897732835957,13.091743090757435,-46.612078392831506,32.918297541347,-37.862032052460194,13.82854011417662,-28.007649984344717,11.602335105517223,-25.522039946327364,6.903058188445388,-22.373618520450588,7.945521217427402,-18.13815512130233,5.355433237774339,7.27209355192795,10.981593794320293,4.715513957317066,12.699612530046867,9.339125374409704,10.445690002163701,13.025730589386805,12.82126965981585,10.456384100054265,10.75357178748423,10.428987191662927,10.844283181562155,0.17459467409679313,0.19158611388604457,0.20196099848579074,0.1829775698615986,0.09433528275205703,0.08109462781595808,0.08490462787295186,0.0895327686516754,0.0956266265668609,0.10119459534199159,0.10667882085725963,0.12475066971183847,0.34453213616989614,0.34974819539458163,0.35682845425434595,0.3545127893510537,0.24730368932655414,0.24525311720991497,0.2498170297948928,0.2554477485523452,0.2650641346332188,0.27192857931616965,0.27678895397813547,0.28856671475368606,35.54266752303073,9.996748884792543,11.992855080998016,12.346271258315584,20.99242941732825,25.124902147824084,66.83821789397442,0.31196681932471265,0.08040471260287825,0.49514999985694885,0.02681289240717888,Torpedo
-4.601956595670004e-06,0.5031800461596085,0.9999999899073699,11165.686006359443,3587.496675671193,289.0536166104704,288.40402925644565,284.1634302116926,57.432878129507685,88.69695886946545,6.056788158556381,1127.647747329248,4654.5,-148.02683843047242,12.900626275849785,-46.714507344524414,33.22731985887093,-37.515975074211475,13.702868743628022,-28.257333661886207,12.551381601628092,-23.78335162478978,7.519595637512732,-22.257497453909327,7.848416263265487,-17.57234779045278,5.443651013908534,6.0503784189973775,11.199486221919003,4.5995341717746125,12.157425968852346,10.239981198066118,10.915035684983051,11.447906102276656,12.284696601967342,11.5725677585548,10.233127134914946,11.112601396420532,11.28982597881806,0.17458630457702703,0.19161947178544694,0.2019184548553796,0.18297707810078,0.09435025591228197,0.08110829416924227,0.08490687288973812,0.08953037129397459,0.09554474212077393,0.10116112371808093,0.10664412803255997,0.1247725142052001,0.34451280056549183,0.34982513674715654,0.3567531172432289,0.3545080964501365,0.24731091470533495,0.24527745772835124,0.2498390751630069,0.25542319028166627,0.2648772231021831,0.27189347810692394,0.27678007986496783,0.2885976768595632,35.02670601178276,10.17113806798295,11.867170642446947,12.557355026679673,20.857716624574056,24.93130858984753,66.71319854689257,0.31195559446839083,0.08041015866589865,0.49830105900764465,0.02670685201883316,Torpedo
-1.8789508027327646e-06,0.5022001206561163,0.9999999897213564,11122.23878850318,3588.014219532915,288.22239580824163,286.32593355048164,285.40038608683255,57.30448116960753,88.53493786068684,5.995548266863368,1128.0890393831971,4653.5,-148.7648146189852,12.50061193845132,-47.63661861871634,32.49968378375324,-37.206172401363396,13.72361277955321,-27.82518122203236,12.58533222424088,-24.234456992784402,7.7710856307374,-22.22321879121579,8.30024428354427,-17.715004096456116,4.39250224846322,7.39530462143769,10.887915293336418,4.66515166708028,11.56725061943404,9.48309426388568,10.235012470352991,11.461317150451046,12.421200211502692,11.3463286817737,10.41453182668256,10.241679276777537,10.595952896905033,0.17456246191917638,0.19154277190052676,0.2019403321910152,0.18300276286315217,0.09437743212228382,0.08106515968030441,0.0848760261679902,0.08950157025698284,0.09560884648662729,0.10117036021114778,0.10663365112624064,0.12483837669843932,0.344483616108725,0.34973283159001173,0.3568437154667965,0.3545214217748839,0.24735013295763006,0.24525729535208005,0.2498330768322196,0.25541076427702114,0.26508731244668476,0.2718984055572608,0.2767085851180556,0.28869014020845574,36.08851836051867,9.78792004192504,11.430115560940855,12.073992405617258,21.16252999708787,25.084913216513456,66.87333308896898,0.31195559446839083,0.08042467578103209,0.49732840061187744,0.026952644810080528,Torpedo
-3.497653330312657e-06,0.5029374986830458,0.999999989791557,11154.924226886242,3588.117795185814,288.6329803761179,286.79631963447616,284.5235690943064,57.397875534424244,88.65894261895791,6.010441814159069,1130.0933969579444,4655.0,-148.50669059411322,12.73755161958612,-46.91545715645928,33.21324547544108,-37.22652394476994,13.859239095800138,-27.507820705854552,12.363995677127631,-24.40137700730164,6.463858247848628,-23.604099218919167,7.207006369959428,-18.117718406090948,5.497675774630763,7.327951638671995,10.845607268293278,4.757723142585347,11.458423940451759,10.900433610988236,10.739513812334343,10.910112661210096,12.115083069126708,11.397633406452172,10.500804141060886,10.397924878439264,11.366200849554058,0.17459221277978187,0.19161574876919316,0.20188195028301403,0.18294121624220905,0.09437234940583919,0.08106755181916053,0.0848561041926109,0.08952555312885746,0.09559553841700402,0.10114979005891778,0.1066580022053277,0.12479682913150743,0.34451838008678287,0.349784570370332,0.35668638598275637,0.3544779405148901,0.24734188760677991,0.24520693339205185,0.24975208126952392,0.255427960018969,0.26502976215334395,0.2718590891722721,0.2767671874243707,0.2886158063678413,37.16433378917718,9.858033302362859,11.97233500590249,12.247797653433205,21.39649065220657,25.279536206251812,66.82026011917634,0.31195559446839083,0.08042051856513528,0.49806275963783264,0.02662597969174385,Torpedo
-3.2918103194786954e-06,0.49804603954889565,0.9999999900199557,10938.998716683867,3588.6298367942345,289.13838397807297,285.57808174485893,285.4263564125185,56.84557586515835,87.7928198488877,5.950123164574726,1129.4820037297227,4654.5,-149.52757258385344,12.545816912141522,-46.535235125536545,32.908818606233666,-37.75076948003793,14.127833305076233,-27.58355109054616,12.412850987458357,-23.80043924222196,7.603728397789313,-22.40960446032405,7.488901316079254,-18.14674984547065,5.763815063694194,7.001608104537187,10.716304020409487,5.130754136558674,12.11498061830983,9.12975452901094,10.71562735451488,12.257515633684186,11.935816419243137,11.54720595661047,11.179397934895967,10.665475145963946,10.85377063664794,0.17455979369836258,0.19156952687892975,0.2019438734230456,0.18300655849907993,0.09436520148529506,0.0810533638114211,0.08491539305177007,0.08955145152422375,0.09558160811373678,0.10113921132332628,0.10667113855621782,0.12481049268718526,0.3445054137767784,0.3497856170233795,0.3568066770588907,0.35453484684011943,0.2473484767818061,0.24519856254928252,0.24984975478903088,0.2554687621935394,0.26501251963575084,0.27183224542825873,0.2768211368829275,0.28864180336139744,36.26135093300604,9.216788457085942,12.309946639879245,12.095589003665259,21.59437779669262,25.215366836456138,66.77209475123276,0.3119612068965517,0.08041273544732683,0.4932090640068054,0.026715144515037537,Torpedo
-4.496820447100269e-06,0.49378764107518897,0.9999999898929499,10752.736941398005,3588.8957925527293,281.72620888944346,278.5420044171807,278.08335879746886,56.37434657729265,87.03258002577604,5.933654444021711,1129.8476800958745,4655.0,-150.03902058779482,12.621173007153326,-46.25701340200042,33.405040899774654,-36.926246107692535,14.161497577193732,-28.524334026307756,11.908404654199728,-24.39217610632958,7.2424464439903256,-22.994877619262365,7.134268683857315,-18.208691754124565,5.243784655270043,6.091624382862254,10.84180235812299,5.236977806798304,12.439101848871402,9.864412370336693,11.11792318742672,11.66729828691656,11.591450178635265,11.550018320529563,10.742929169933106,10.690020077458541,10.542084512397855,0.1746094647755794,0.19158327851642867,0.20192600001169148,0.1829779776943998,0.09436276737777163,0.08110229477571658,0.08490956839402149,0.08953398274429934,0.09558499642588796,0.10114486453708324,0.10662190110950169,0.12472046970050239,0.34453261752704667,0.3498182946595487,0.3567934588671893,0.35449274696526406,0.24732908409040377,0.24523321062801415,0.24983440675643048,0.25546112361525747,0.26502459014936247,0.27181910541030674,0.27667090101946923,0.2885264206701825,35.2405103566515,10.01421865615382,12.330776335799856,12.236516872563891,21.162603067574462,25.39977698716908,67.01385576024813,0.31197243175287354,0.08040837939282729,0.48900607228279114,0.02638482116162777,Torpedo
-5.495846074932988e-06,0.4996471136571446,0.9999999899775389,11009.443205330886,3587.6154582197796,293.0509322256665,288.59891377924623,285.9375568454779,57.00680671251534,88.08897314824692,5.8516349805712204,1127.2944488010633,4654.0,-149.79655937280606,12.49290635164316,-47.154829802966205,32.82060208662232,-37.47029679671295,13.791713306469692,-27.888660777711795,12.071889729816421,-24.09631791747403,7.406364360097292,-22.512136170142888,7.604723499739784,-18.519970296491923,5.422125676567773,6.304071593492907,11.126527386882103,5.355250615007186,11.751325680569382,9.11196121351228,10.592843353684707,12.340293873064978,12.244011393027739,10.669129520826784,10.700026482431758,11.128636354594532,10.533759484053077,0.1745836191213207,0.1916192020629694,0.20191278476558736,0.1829655246336156,0.09437145472874559,0.08111864497483254,0.0848927833833436,0.08950028567295555,0.09557898078002074,0.10115768126983275,0.10666765408975602,0.12477237018062355,0.34452813244144825,0.34980374559358113,0.3567665012395266,0.35457030411534474,0.24736343887649928,0.24536605598742364,0.24981116972818884,0.2553947519675919,0.26503727792380155,0.2718062968246131,0.27675284317413024,0.2886224735888974,35.703778252552034,10.175083181925126,11.320214304872659,12.1433832966323,21.286288444199165,25.2444255548669,66.5413540622084,0.3119612068965517,0.08041801763030185,0.4948055148124695,0.026731446385383606,Torpedo
-5.434820951198618e-06,0.4962410135865483,0.9999999899242641,10859.851832536946,3588.649977704108,282.45766270148306,279.9059867199016,278.7361119683384,56.64443737670659,87.47147845778822,5.95739236484817,1129.3637435930923,4654.5,-149.41147180097957,12.938364375724161,-46.22691784280606,33.22272313096596,-38.09835955079332,13.389183701960718,-28.719376379256317,11.992060861820585,-23.898451109938947,7.553714441058452,-22.41438468673046,7.615312848703654,-18.24514613538222,5.445294723979393,5.735742063643484,11.398922017325548,4.800479285171174,12.3067099861109,9.155361895034419,11.225976603118395,11.501719790650625,12.293009325314316,10.594985650594866,10.537193014986691,11.003929853937747,11.035280470009473,0.17457904677988403,0.19159869413541963,0.20191488469304703,0.1829636660877576,0.09435797271910547,0.08111217557915547,0.08485632138200361,0.08954712574233527,0.09559222652021296,0.10113143693065275,0.10661633949163693,0.12480348760244259,0.34451660374451387,0.34980776677615577,0.35672196161576075,0.3544719671800437,0.24733770496974258,0.24533349580663746,0.24974915963934785,0.2554141283397438,0.2650244477387769,0.27182217402280795,0.27672942398282,0.2886079610871068,35.2899100978965,9.83675734402183,12.191053837733463,12.354463992807425,21.80039655499245,25.075132111238517,66.81756692373122,0.31196681932471265,0.08040471260287825,0.4914158284664154,0.026642167940735817,Torpedo
-7.198831359335816e-07,0.5031444641276815,0.9999999898870143,11164.106913623686,3588.9462077382236,285.46267760630593,285.3954173529704,284.8828836956215,57.44499274671709,88.68021040156354,6.019566054997231,1130.6472430025538,4655.0,-148.35870470834627,12.44126949567198,-46.88716785929997,32.741625153504934,-38.18050725032183,13.192670892821601,-28.825113747593562,10.949607414673894,-25.551153031525278,7.358497462384134,-22.172843075970817,7.6433214393225954,-18.028337889892956,5.133294186220273,6.924935126309173,11.372292750878241,5.6024225516257165,11.854268371155545,9.865973304507019,10.545066904043894,11.270926396295936,12.355584914593871,11.888671236579965,10.306633364804208,10.866238914947857,10.969940481042766,0.17459979121443406,0.19165226494632365,0.2019159101812447,0.1829999733200445,0.09439099935640925,0.0810334853866841,0.08492462574217724,0.08953433061913725,0.09557419985107408,0.10117463693608482,0.1066186995417886,0.1248139866999797,0.3445165953143211,0.34991386458030027,0.35681495954228376,0.35456223948768584,0.24737023748967743,0.2450844030336592,0.24985335376093404,0.25543433109962366,0.26495148485262277,0.27185003429027654,0.2767169424609286,0.2886434591652602,35.70661781823946,9.815365216228095,11.804229276025968,12.330963694666114,21.259971722002128,25.197654461339123,66.69297104234013,0.31196681932471265,0.08040999531287893,0.498261421918869,0.026773545891046524,Torpedo
-9.243118844301682e-06,0.5049751116230188,0.9999999896354699,11245.493977885497,3587.3914001776598,288.6673846577886,285.2295164194301,284.59914581479705,57.635452071044,89.01487876652226,6.037035160675825,1128.3099751838402,4654.0,-147.6148216612436,12.688600734485146,-47.426579068359786,32.41362398724868,-37.61707558811113,14.311883437999786,-27.650409823733987,11.93012244504225,-24.72629758102291,7.068469281529247,-23.249381482361162,6.542092102952854,-19.23351044242278,5.291083672379128,7.12600630145858,11.078488797534527,4.028712683290493,12.260431073028037,10.140755461174411,10.47353043569301,10.934693069873113,12.310168830531342,11.586803855627716,9.997888824388903,10.898009671683784,11.364520203403778,0.17458096696173794,0.19160910034264808,0.20191726111066507,0.18294746843430412,0.09435101768077209,0.0810890085422021,0.08487908787396004,0.08956599179734649,0.09563729288763818,0.10119850365157458,0.10663561321948495,0.12480140989618396,0.344493804439338,0.3498381783756155,0.3567760584684161,0.35449451614243843,0.2473262075457575,0.24524303766885164,0.24973815968583227,0.25546918114660816,0.2650900190635296,0.27191885092885154,0.2767095275786259,0.28860847875385043,36.133391298778356,9.800530256971154,11.75840790037988,11.788610445541941,21.164046047716457,25.339280981612077,66.54703282883338,0.3119612068965517,0.08040810047194655,0.5000733137130737,0.026953402906656265,Torpedo
-4.933419700810851e-06,0.4844272134218921,0.9999999898993074,10348.93487814648,3588.1646370623257,278.5240243653779,273.7814419007649,271.7918944642315,55.32081321727005,85.3729611739728,5.840149545703592,1131.165077659977,4655.0,-151.06064270460874,12.852826044716322,-47.41252363800617,32.80239814218531,-37.58546941575681,14.61007356708109,-27.58680102587121,11.702762041956884,-25.678944202980322,6.9398486056984625,-22.149015382151717,7.997926024454392,-17.80498618901683,5.430316604339141,6.8045193382222084,10.529401501491664,4.719436233964045,12.479973427872464,9.704603402858206,10.184151101989682,11.656371800434737,12.258761300602325,10.827304141824563,11.32314544894885,9.669585748442561,11.44777240089223,0.17458724438483583,0.19159963475218755,0.20193124200063184,0.18298092436778074,0.09439114206387957,0.0810904688438578,0.08490008236947962,0.0895531502392932,0.0955771096671829,0.10117747597923177,0.10664484104109762,0.1247756337619119,0.3445065642660821,0.34976261136595216,0.35679750130494325,0.3545396476061966,0.24736316664758703,0.2452224535631721,0.2497927524687789,0.25542661452049087,0.2650087920990233,0.2719087258692566,0.27674053149824973,0.2885855192955871,37.14844815529612,9.350685444958367,12.128585426292675,12.360124607825611,21.53095256583317,24.925898908643163,66.82345013836941,0.31196681932471265,0.08040471260287825,0.4797157347202301,0.026040859520435333,Torpedo
-2.3377361667458805e-07,0.500258480315111,0.9999999899487829,11036.401928311234,3588.020711603179,288.3060716973577,285.5546212522151,284.5661713205729,57.113756832154436,88.17267549501433,6.012909599220958,1129.4355740233284,4655.0,-148.4035504155052,12.968540847061034,-47.01907467332326,32.53660402098695,-37.83975584758512,13.992593543462629,-28.25959222769177,12.109047644969696,-23.97681682975967,7.820199759900411,-21.431613452562363,7.7816633885991875,-17.951594819822063,6.1164390796187025,6.862686813204154,10.554854799822222,5.051203124918414,11.860316078795387,9.040038171211929,10.646082664872505,11.187297745791575,12.656118576042156,11.351627018277169,10.557727155235712,10.665774836907437,10.472222907770236,0.17459497220459524,0.19159198380526882,0.20186659429290693,0.18299124773311792,0.0943666357251376,0.08113577707297176,0.08493798946894636,0.08958334544614459,0.09556903687661306,0.10112023861398256,0.10662197299216052,0.12481653098218118,0.34454107979120197,0.34983044502933536,0.35672331962147064,0.35453963024674323,0.24734650496625624,0.24535401181355612,0.2498175003292782,0.2555162026369667,0.2649823431962465,0.271819502678892,0.2767024828150412,0.2886544307365697,36.17801871759486,10.054517288116193,11.420596817985174,12.39603300140111,21.369580128288217,24.98366603021249,66.88887196263013,0.3119612068965517,0.08040326072722595,0.49540960788726807,0.026611950248479843,Torpedo
-2.817949945448098e-06,0.5012968374532772,0.9999999897920966,11082.264698863186,3588.7364416880773,285.21373397324476,281.5461034140463,279.10862580636825,57.21575695131901,88.3664068008031,5.988617322304631,1128.9157638654262,4655.0,-149.0594450540776,12.433970958609068,-46.67374355374054,33.03290457966331,-38.08066885108645,13.584762067103515,-28.524957731845195,12.391620265916867,-23.75529566275726,7.429340544934514,-22.45145568382283,7.460699190151096,-18.24915973112636,5.068342862103319,6.735201230456275,11.72463729080833,5.363154614130248,12.69809063614307,10.279377316436003,10.889855402308285,11.080982613390386,11.565554148621379,10.735972298872673,10.966271251477679,10.756608588649327,10.805140571776132,0.1745964292951423,0.19155043605163802,0.20189421025652432,0.18294915341972678,0.09436430022343491,0.08113052817370812,0.08490638218968437,0.0895402052094242,0.09559291632753956,0.10112648258323413,0.10660701747070905,0.1247885162426884,0.344534365189844,0.34964345828424076,0.3567264381943229,0.35450059306617004,0.24735480668096224,0.24534617701305217,0.2498153679083451,0.25542548840006357,0.26504794547725413,0.2718471414513651,0.27668135663743937,0.28863113321697725,36.55637677988376,10.138428778311754,12.023133572882456,12.228653269726646,21.378231811661138,25.14699819926523,66.57418733130169,0.31196681932471265,0.0804058032553091,0.49643734097480774,0.026553327217698097,Torpedo
-2.346424726465881e-06,0.4994812850523386,0.9999999898501056,11002.136536826116,3588.886297639791,284.2552529218605,282.3949101876025,278.9038793680406,57.01459163258564,88.04244926905149,6.004928872162671,1130.3966074629288,4654.5,-148.96061525444856,12.496365875171781,-47.134440940285096,32.423669065594304,-37.48815086115665,14.450580571099037,-27.321365107224374,12.343451850858127,-24.029341155396192,7.251875614978896,-23.235437521060906,7.07763220585172,-18.747436419416285,5.2699035642560546,6.729204225808188,11.376121982018251,4.9691720401853825,12.079470813288442,9.983437935120532,10.553278173170638,11.955218159297257,12.194507411010497,11.210708298032243,11.413445477290443,9.683684447861886,10.84937590612969,0.17460765112901822,0.19165804342819018,0.20190930346878394,0.18296689541879524,0.09434534154223512,0.08109590322815016,0.08489110434435249,0.08953967122041968,0.09559779496004168,0.10115486561480674,0.1066271786791807,0.12486265443539446,0.34454267668731486,0.3498974256373047,0.35678014989418183,0.3545057289866553,0.2473107958396564,0.2452825301649873,0.2497844476563634,0.2554524456410133,0.26508185433357223,0.27186649720710476,0.2767299663179102,0.28869243298432573,35.68366451192701,9.877723090454126,12.119388370856335,12.414711535109108,21.370057444406537,25.123398460670327,66.47504588464541,0.31196681932471265,0.08040471260287825,0.49462631344795227,0.026806866750121117,Torpedo
-4.327788374931934e-06,0.5011080974654765,0.9999999897637487,11073.921248561184,3588.785756173129,284.83020400986516,284.3171904925193,280.94121742668085,57.20468751008785,88.32635491044137,5.979927880834208,1128.772673772485,4654.5,-148.75626269502362,12.742870965228793,-46.793160309536795,32.35620623891277,-38.59625425814527,13.554956282310313,-28.04227857963214,12.64842132156964,-23.563398548210756,8.164075305377885,-21.685871501112004,7.855774449902641,-17.895976987467396,5.716364355489796,7.519198820152368,10.748281999470247,5.697283718174674,12.459537161904336,9.277856417247197,10.847020856168687,11.86587708972915,12.198769078906636,10.947553594212453,11.356545085285132,10.887795039274515,11.231128183931506,0.174546058168621,0.19165015826577952,0.20188216924793986,0.1829698830531363,0.09439413185004528,0.08106944665140238,0.08491035201533943,0.08953928015980163,0.09558495907762295,0.10113503996534998,0.10662852786581722,0.1247472674271451,0.3444723356097159,0.34992977208938164,0.356694988041605,0.35450861744321543,0.24738638457287618,0.24521212536115472,0.24981468773069263,0.25543160506402385,0.26499681123448526,0.2718230707349219,0.27673181067809133,0.28857309327611375,35.6767349457401,9.625697987991975,12.443434747991173,12.140681920049513,21.354555152976147,25.050238728724327,66.4794073112056,0.31196681932471265,0.080416402263157,0.4962374269962311,0.02688397467136383,Torpedo
-3.317211106124917e-06,0.5037792178129726,0.9999999898620827,11192.293363726316,3590.4106596091087,286.58386864831857,284.3827384209033,284.32111888285186,57.501135398469785,88.8026620497869,6.008807904472771,1129.417776527888,4655.0,-148.48220397901315,11.760726174465425,-47.291001113552376,32.919699841670365,-37.803981797176924,14.333663342908189,-27.906037956348484,11.508154244478153,-24.9427570409376,6.55654848563694,-23.0874039531978,7.92634968958476,-18.06211402268015,5.074153631461411,6.380886825183092,11.653530370189648,4.950364734749354,11.814538058225637,9.322994484273465,10.109195081833029,11.136923683934125,11.774980203024722,10.938677941940849,11.654236090166727,10.077954836089571,10.919886283846514,0.17461123079369614,0.19163299805417033,0.20190656720242414,0.18298049249574788,0.09433784085598058,0.08110905824807377,0.08487180930186079,0.08956178586300405,0.09559822418255905,0.10118031360330834,0.10665025084145949,0.12486415433624626,0.34453742225415296,0.34984087191029645,0.35673919426509687,0.35449489688528174,0.2473042417048542,0.24535301984719618,0.24978303169732657,0.2555260731935897,0.2650538040271313,0.27192380147086637,0.27675123837530047,0.2887190213839254,36.872965586106076,9.74817797328574,12.0030350181307,12.142253356188233,21.12996025832221,25.057038917223572,66.53229953868372,0.31196681932471265,0.08040471260287825,0.4988865852355957,0.027097461745142937,Torpedo
-1.221133263876505e-06,0.5004003467718334,0.9999999898797663,11042.662360943026,3588.4778046105366,285.75645853474816,283.5654301738505,281.7814575132218,57.12009727209657,88.20406364862902,6.007786783922255,1128.3281709236135,4655.0,-149.03686358611392,12.227758446038846,-47.116073763321694,33.23267125659057,-37.29686425738742,13.387469644983192,-28.564468776921604,12.200059325780767,-24.343123030081745,6.820974198718826,-22.638460771125136,7.726085109072392,-17.9359341132252,5.150730165553834,6.636846255117372,11.518014107893281,5.698242692773957,11.51883220553883,9.37026735785277,10.228406246686607,11.750347415670555,11.42467681032716,11.028792614813405,10.915618703261533,10.641590821999285,10.806393398279278,0.1745296728321765,0.19165145096039068,0.2019244984170709,0.1830207269115035,0.09436624070967056,0.08108701904107163,0.08489536893847967,0.08953541173317481,0.09559979534278544,0.10114107887764824,0.10661219343987774,0.12481953839815092,0.34443078935159144,0.3498686264231757,0.3567566249257372,0.35453459601807236,0.24734861734430943,0.24522972396017065,0.2498030194182287,0.2554503213152046,0.2650959430197421,0.2718150619654161,0.27669445496228096,0.28864159110997717,35.43522348063859,9.915544309860387,11.621440719163955,12.56816315122936,21.092063618672142,25.128937461369773,67.01657303765624,0.3119612068965517,0.08041846063632979,0.4955311417579651,0.026808124035596848,Torpedo
-6.3384725341608135e-06,0.5089179284450109,0.9999999896820414,11421.78789484254,3589.743395893331,295.7761881653289,290.60420680181073,289.37373453867775,58.08331415043792,89.71129532370223,6.028347703434829,1130.2244669248732,4655.0,-147.96829297081374,11.346100748708372,-47.340023627050286,32.81829566822207,-36.795800800792485,15.251814716854279,-27.1993473041342,11.724251411321262,-25.05709011426145,6.47283405234293,-23.391643137434702,7.377476248160634,-18.445581907374027,5.4196537150965645,7.414237756128689,11.185215451113073,4.9689405199852805,12.026714015149578,9.35898632488642,11.045640708210469,11.274312506481161,11.610669412177847,11.232982314123799,11.443110239909549,10.294376806335515,10.644907401694013,0.1745586078448282,0.19159267882215306,0.2018873530970147,0.18297033926346698,0.09436748387610822,0.08108774277934776,0.08491609048360503,0.08951579899097947,0.09553728210297976,0.10114999697900653,0.10662259759565593,0.12480535293534054,0.3444764412979972,0.349776794067311,0.3567329337220773,0.3544938998891903,0.24733394162937639,0.24530054058902037,0.24988015303230182,0.25540385892169803,0.2649900696775994,0.2718645333503075,0.27672496633176236,0.2886210218610832,35.752603050581364,9.808590901754876,11.969626510719918,12.47030179486568,21.161841150181825,25.060141154979544,66.73322401069727,0.31196681932471265,0.080411119974069,0.5039733052253723,0.02718448080122471,Torpedo
-3.255390507852331e-06,0.4958198998425292,0.9999999897004703,10841.42815328899,3588.34647454618,282.14836742823525,281.4203941417048,280.60419394149983,56.588709952698856,87.40220852702627,5.919932000978792,1128.3605544668314,4654.5,-149.8552114859536,12.374390943519353,-47.23941733404299,33.096151765119025,-36.78562413690167,14.743783985767953,-28.407770992394997,11.486020280492443,-24.71568934673962,7.587638321678441,-22.275552452166092,7.2937749768490825,-18.479961415939748,5.308400563801227,6.521935065590557,10.960530493215101,4.522101438544578,11.540608797530595,9.909173084624756,9.762376903526546,11.732631180402128,12.562396032506676,11.134152610036521,10.980116704255721,10.441791034971338,11.206465723492824,0.17457612900758562,0.1915364249758472,0.20195264894649242,0.18300543002572872,0.09436483900266765,0.08107558671422199,0.08487892766746463,0.08955013709787699,0.09560720631337928,0.10116389961232096,0.10666291987165916,0.12482376779372377,0.34450036474881635,0.3496943253128439,0.35679531962591066,0.35455167669788645,0.2473381000426231,0.24514981768149738,0.24978075592666585,0.25547722233744474,0.2650076135039314,0.27187836077206573,0.2768156945973936,0.28867625561920857,36.33397848398435,9.983878065265348,11.874127859790072,12.61969545012225,21.41137049726948,25.126010968082813,66.6827313437775,0.31195559446839083,0.08041015866589865,0.4910125732421875,0.026458347216248512,Torpedo
-2.3569793455184024e-06,0.4878209122181694,0.9999999901486657,10494.443589968874,3588.196192421185,279.65028770969894,278.4843251296212,277.8014573882489,55.686108853042946,85.98546892831423,5.842966052273231,1128.9475802741813,4654.5,-150.85721252232761,13.131308513130937,-46.489816971752944,33.69271896664711,-37.57099472701117,14.48285064871016,-27.068476391971284,13.483509684448263,-23.67366007758364,8.075427659872155,-21.847897616310906,7.782891347449748,-18.298614729636473,5.559813352165872,6.605419920464456,11.140632125192374,4.744015580880985,12.181817049884135,9.243858664239088,10.804615914491372,12.259874562458544,11.760656655046132,11.801873725904093,10.656986198003256,10.511354550107166,11.436974045251922,0.17459126997629107,0.1915883652716228,0.2018942516899618,0.1829585571623068,0.09436795444765841,0.08106789262980474,0.08490576519429789,0.08952377429597957,0.09559705326262724,0.10117816618200774,0.10666807113187464,0.12477187799700884,0.3445216812951881,0.3497719255791703,0.35669907606573786,0.35444624428484484,0.2473181061048518,0.24523089150418315,0.24986851426131312,0.2554153320077503,0.2650231392769967,0.2718987222512487,0.2767956272769394,0.2885835675822464,36.880845170369376,10.564754379385622,12.070406248222934,12.098607192162516,21.248030470299213,25.286403750569672,66.85633763475703,0.31197243175287354,0.08040837939282729,0.48307716846466064,0.026304349303245544,Torpedo
-1.4434629867290906e-06,0.49569286072731833,0.9999999899186549,10835.873277054923,3590.2518674170055,287.6091810079891,284.51547467418186,281.0651852400603,56.593387125904606,87.36739554921095,5.931544610544107,1132.7334125404889,4655.5,-149.90462039862305,12.795973273933564,-46.18447854909216,33.559025316215624,-36.84313561233275,14.846055960204085,-27.52470117917983,12.548765485629795,-24.15087475583131,7.780278961834994,-22.32129160592332,7.091921159630557,-17.880085905685455,5.367532286137189,7.445946098236917,11.399479320055448,5.0129272056304455,11.523981846116364,9.66881892095488,10.190105445716492,13.034050269090839,11.29788398395125,11.581280886174536,10.790282846174692,10.725783449008036,11.270938890547027,0.17458726360219548,0.19162719152268037,0.20193219469613052,0.18296482264484396,0.09434086871753283,0.08107721457577399,0.08491262699370328,0.08950412426866944,0.09558481131994234,0.1011664441389547,0.10664753753936018,0.1247982889987441,0.34452116694790136,0.34986869405317406,0.35679330098787465,0.3545447335956323,0.24729593075032325,0.24519139453549355,0.249833596413201,0.2553737384066722,0.26503383789131607,0.27189678006346873,0.27673485749655313,0.2886192922238042,35.8544501969675,10.07994306579437,11.834741831214632,12.267105586841751,21.19941511643287,25.054576095916573,66.62733957244158,0.31197243175287354,0.08041741050048158,0.4908764362335205,0.02645106241106987,Torpedo
-5.0099147541931125e-06,0.5038900041657618,0.9999999895276428,11197.216511856233,3588.9565632606714,295.5089977342811,289.7809402437685,284.29419158407023,57.533370875888195,88.80950255495519,6.077633586186167,1129.617803317862,4655.0,-148.23252877635767,12.40824368229853,-47.214170437197865,32.7477088229029,-37.409250455808305,13.73391151086952,-28.35298503883041,12.046255037342455,-24.626734665863584,7.597957461961092,-22.58303131512232,7.19916957045602,-18.888743765743193,5.568688308040689,7.094052416786739,10.555575454077776,4.827689990022283,12.721799048836395,9.818364870189605,9.81713610634042,12.16886350752912,12.13607801379885,11.00843564047921,10.339470383954994,10.667523929459014,11.25252398578763,0.17452678048304754,0.1915706718681825,0.20192088986697554,0.18292353088491559,0.09436346436058088,0.08111927378784042,0.0849092808489405,0.0895358653874183,0.09558738725179688,0.10115893197702198,0.1066196323851559,0.12481407979162722,0.3444541897160205,0.3497969514196775,0.3567509668782063,0.3544565933316559,0.24731648865266495,0.24528243051961685,0.24984727225467343,0.25539627360066014,0.2649546786255224,0.2718618480401248,0.2767037025222205,0.28864191068607403,35.81072807474539,9.920272736493306,12.217777337338907,12.586277066509467,21.243068745997405,25.00956662118281,66.80029128520445,0.31197243175287354,0.08041741050048158,0.4989992678165436,0.02693825028836727,Torpedo
-5.6301308791964155e-06,0.489875230757742,0.9999999901384037,10583.018410806733,3589.0894858670804,282.3509475022878,278.84062058342244,277.59311759633005,55.91890934470122,86.34867680491041,5.871571839678106,1127.2306086929427,4655.0,-151.50877890414765,12.081286719905831,-46.877288909017004,33.4387706404068,-37.30396980512616,14.563676209391941,-27.645237201196544,12.492814559009359,-24.479699813232614,7.320035626684169,-21.71018212806397,8.275141690125059,-18.378123288467485,4.978328087261966,6.084434780508843,11.357494095391402,5.089825325362128,11.234838354532917,10.999246661566113,10.05413779645485,12.00325842730623,12.013509830928019,10.903673100671885,10.9110443870535,10.480459612437896,10.432862268525051,0.17459168035863637,0.19165408856183327,0.20188589157639075,0.1829512889115208,0.09435595828010293,0.08108965707246697,0.08490046193588378,0.08951541414396846,0.09560194724651834,0.10115896108538944,0.10660920874089674,0.12476450234915022,0.34450752889671327,0.3498764562680458,0.3566977581635724,0.35448937934207253,0.2473372726768083,0.24522439593746553,0.24981046643762153,0.2553504009169328,0.2650769146672748,0.27185749525554814,0.27670936919837125,0.28862316198926874,34.962841229961185,9.652499275873689,12.065805656380324,12.613241716519125,21.394974777242084,25.106485615938123,66.62019852293635,0.31195559446839083,0.08041015866589865,0.4851160943508148,0.026265684515237808,Torpedo
-3.7038621777808453e-07,0.5048405860583172,0.9999999899960726,11239.503164334246,3588.141174684844,294.48013446721484,290.1543945052014,290.1454767775992,57.64203813687735,88.97695543739988,6.0944696089874135,1130.328369063791,4654.5,-147.54322375044202,13.06190242685244,-47.27309040362582,32.02844186598904,-38.41810428673232,13.140415244995301,-28.101889138051742,13.14864092280341,-23.784635842221736,7.541664444653385,-23.250414756002787,7.822348371140647,-17.696197323738577,5.017874196088724,7.229536164151131,10.936160479680632,5.6488690763703575,11.95142714081124,9.461705698947387,10.821031478482912,11.60278188995811,12.757457500952086,11.639023065599556,10.219015030133862,11.188684782871144,10.422673077692219,0.17458665823049307,0.1916105519715915,0.2019262119904357,0.1829761562234141,0.09433682202440248,0.0810728641129455,0.08492336862348872,0.08952911530760624,0.09558217932445678,0.10118035035312957,0.10670408198790243,0.12483158555551294,0.3444755904561337,0.3498088612431822,0.35676996791767546,0.354531172100787,0.2473019266772106,0.2452419880888416,0.24985718946365026,0.2554307924806059,0.26502757572068486,0.2718962553813128,0.2768179253072809,0.2886418746580078,37.28480307909585,9.82343996113144,12.206126211673801,11.837082392700106,21.135365199238397,25.07119319928525,66.78700590870513,0.31196681932471265,0.08042015077395857,0.4999527335166931,0.02676284685730934,Torpedo
-1.0258165606470412e-06,0.4960387173838368,0.9999999898934124,10850.999443288072,3588.75865570649,283.5665113735778,280.0468818128154,278.830662005428,56.627142836339075,87.43206581588497,5.952579374020121,1128.8982363398504,4655.0,-150.62794165469577,11.65737547858803,-47.59568654058693,32.325490301572934,-38.144738715113135,13.498384077342326,-28.22002765966862,12.536376895843741,-23.600276989432057,7.748784650593862,-22.374356310066645,7.294632131313989,-18.53914428096079,5.525209794668666,5.777837789622536,11.211346985883244,4.713000348131008,12.394591233722688,10.032538389904856,10.452063968450798,11.755078921716825,12.324259484138462,10.587696119968303,11.952701010138897,10.13435977719702,11.438898545266783,0.17458475617666863,0.19156798608309006,0.20188673351619948,0.18299217885682625,0.09436681898414355,0.08105929604568897,0.0848570316911744,0.08954575026657799,0.09561406797305824,0.10114393598779879,0.1066234796392145,0.12478604114264348,0.34453040267563373,0.34977737544388166,0.3567321928925768,0.3545343196732672,0.2473626001828096,0.2452493374214336,0.2497215584884848,0.2554156084775779,0.26511259532171993,0.2718132557938191,0.27669373950580933,0.28861368040998964,35.74037864357971,10.359143820474593,12.081209671370843,12.217994055671044,21.194030446101184,25.20346239622898,66.80456700741911,0.31195559446839083,0.080411283324804,0.4912245273590088,0.02640676125884056,Torpedo
-5.667413902966868e-06,0.49747164794035115,0.9999999897839,10913.781587664424,3589.676455303123,284.78852430908773,284.5239421232593,279.82467980507033,56.79942523433755,87.6789990672201,6.008597027093865,1129.9636815179238,4655.5,-149.8552911511973,12.371769084749731,-46.583218607233654,33.717395844352,-37.08809865782042,13.84219936383414,-29.16630575051166,12.599007118081394,-23.701681484899012,7.132343275232104,-22.68039945617626,7.247382586141187,-18.95448414199991,4.68745747878105,6.563693165605022,10.905147137858265,4.844408792190938,12.16391044592835,9.287785906949424,11.205145272954011,11.824183595266765,11.631621366202687,11.624091386695769,11.165122431833616,10.575497210947937,11.38526819866774,0.17456637542643277,0.19163322277081352,0.20192957725668495,0.18297591638936903,0.09440965822387115,0.08107849633359997,0.08491086031124784,0.0895294003667366,0.09560719421085537,0.10114390863483107,0.10663304809833848,0.12475970359407784,0.34450949675842146,0.349907106677939,0.3567762978434063,0.3545082474462118,0.24737266226660612,0.24518658804332757,0.24983940901160873,0.2554315358212429,0.26512371567347703,0.2718403485157629,0.27672332810192124,0.2885830197801547,36.09432881052635,10.340242707247414,11.663810338629881,12.583737131982822,21.58084982406161,25.21906227683162,66.84124527608213,0.3119612068965517,0.08040390831558449,0.49263614416122437,0.026600264012813568,Torpedo
-6.491131835205484e-06,0.5011188096516612,0.9999999900032325,11074.394709011518,3589.378715841026,286.5031972358109,286.24313586243403,284.8047192286812,57.20720134379194,88.32740696045322,6.008129711914553,1130.003324485182,4655.5,-148.8937317969501,12.453537409085122,-46.02200640476823,34.05238690991019,-37.083181470538705,13.944745844095848,-28.780766826028067,12.011732556606631,-24.825732920208292,6.67312345322356,-22.395090684669043,7.506027896118461,-18.774435196134114,5.561111831295771,6.6471437303449985,11.364756615561195,4.180033584548732,12.864302823234636,9.600937075300648,9.644945395279075,12.982129784757888,12.005429197468372,11.592513397344721,11.19384525419399,10.454876314949843,10.700423722025985,0.17457860896103475,0.19159734345910107,0.2019315793055483,0.18301532071849808,0.09438770626151109,0.08107059735081347,0.08488825322850654,0.08951486803602025,0.09559943032330519,0.10114924138125789,0.10663992282127786,0.12479476858891687,0.34448726671667573,0.34982195207371375,0.3567628498247652,0.35454725616832394,0.24735996029545873,0.2451440055803463,0.24980270737074553,0.2554127972192114,0.2651017108832509,0.27185311944771445,0.2767391894870427,0.28863172371363294,35.88648833510673,10.066083091017362,11.55813615132315,12.568010537634834,21.16831179572009,25.222680078826603,66.75480822712457,0.31196681932471265,0.08042015077395857,0.49625110626220703,0.026847824454307556,Torpedo
-2.078690429704196e-06,0.5022866817614413,0.9999999898880152,11126.073260954501,3589.063257883434,282.94697891924994,280.6058635310798,280.43273723573157,57.3607697084675,88.52014095469077,6.107627867583103,1132.0474074565539,4655.0,-147.80146622052732,13.25829848297218,-46.19239230326588,33.09726160785882,-37.99558294799877,13.023645873637069,-28.54297985709848,12.491818460178875,-24.59380150694253,6.970306393154931,-22.9148547741457,7.417531037229626,-18.7549305612878,5.338079409952272,7.29588107920491,11.366345253086273,5.295478175875349,12.074558859240822,9.60211537798664,10.477140823736276,11.463013162858045,12.016271614536164,10.606694980501523,11.04487843054971,11.00517109900165,10.690269668437754,0.17458722425039178,0.19164067004896715,0.20185643714493184,0.18298237265245673,0.0943924601681167,0.08112628277532999,0.08489566082928426,0.08952840143669345,0.09562288378729272,0.10117090872162685,0.1066477134682473,0.12477619024254143,0.34450222522304014,0.3498656921963976,0.35667524137766143,0.35450346787142645,0.2473447159516048,0.2453443737949803,0.24982901143890834,0.25537031879314803,0.2651361869492395,0.2718735181364639,0.27674110926480877,0.2885934452641435,36.135866482736525,10.348193054045081,11.870087711219995,12.423728548274555,21.309322675856244,25.117049281749157,66.56888144835847,0.31196681932471265,0.08040471260287825,0.49741169810295105,0.026770714670419693,Torpedo
-2.801554544827038e-06,0.5000052104373525,0.9999999896337197,11025.229781830625,3589.274447803717,288.0581362234853,286.80687020681523,284.3601883854961,57.0846505312046,88.1281592438657,6.029870204153597,1128.9608367774158,4655.0,-149.27975445535267,12.266730323021276,-46.94078037661149,32.49184719130681,-37.33453950837199,14.874250235322457,-27.447925304328056,13.290564438524141,-23.98604436311933,7.531085873980773,-22.319613181692908,7.727969773209277,-17.918320573476073,5.0833048469707425,7.282897261272258,11.049339839215046,4.48506457004851,12.069846452774872,10.16140905565331,10.913210903021616,12.06979325087063,11.889766521261626,11.178364870913612,11.678658902076712,10.719457146602053,11.065858736047138,0.17459142419411666,0.19164165423722082,0.20196579813998566,0.18295791395828676,0.09439363729094395,0.08112365610092652,0.08491049546698202,0.08951984971809097,0.09558356346640473,0.10114475733226581,0.106650981563999,0.12479538789043484,0.3445036425782337,0.3498815202382782,0.35689325755205276,0.35448535668399184,0.24736785266890188,0.24532122064790132,0.24982595513431227,0.25546553973226904,0.26501342760338686,0.27180904142485823,0.27678383386261035,0.2886644446673728,36.5968442751158,10.0042384467886,12.256027380472245,12.570160661528663,20.83925081280601,25.302116012072716,66.72670802422472,0.31196681932471265,0.08040471260287825,0.4951430559158325,0.026636693626642227,Torpedo
-8.31207714724644e-06,0.5016866788391212,0.999999989887887,11099.507999302972,3588.701293489135,288.47521300122963,288.367332022169,287.84537412100957,57.25902164455139,88.43592277757402,5.955564907024007,1129.306339283683,4654.5,-148.24065874337927,12.799765233488635,-46.77324045739742,33.40046033629779,-38.141730066843444,13.787306047030576,-27.525517618324322,13.198585066045226,-23.50076879282012,7.6536967464578956,-21.684001889094127,7.713125049281749,-17.29422700947592,5.2984651713242465,5.754077187092794,11.599355302433223,4.616335164242468,12.417595240362996,9.397483193678891,10.37147419898908,11.509405908833733,12.433510412153975,11.722739746591293,10.819703467668024,10.555011544169917,10.477136473402085,0.17457319961970444,0.19163025510336637,0.20196694820556493,0.18299375244931315,0.09436191577588993,0.08110302043600617,0.08487274793385528,0.08953869461909941,0.09557618188484218,0.10118384744231435,0.10664362835736996,0.12477223194000102,0.3445313148222843,0.3498631190190202,0.3568088151860533,0.35454515500504524,0.24730923572323732,0.2452767546837523,0.24975356345020613,0.2554463573402688,0.26499009525966666,0.2719157744558113,0.2767384664552439,0.28861984028736576,35.57685749744804,9.938883297766376,11.887793870325504,12.049985874955409,21.180345767187227,24.926990976448717,66.83323923297037,0.3119612068965517,0.08040326072722595,0.49681350588798523,0.026960279792547226,Torpedo
-4.168494066952978e-06,0.5063478356801168,0.9999999897351918,11306.716564545384,3588.1820155962523,293.15892312690926,289.9647309209794,287.06194782011596,57.81083778395895,89.24473987448752,6.094902251453063,1129.4009764242007,4655.0,-147.01465739364608,13.154283202803061,-47.15182568572911,32.54958430386238,-37.190869374466345,14.76418222411329,-27.514214060346283,12.544047036727262,-23.658707622301513,7.781711154934428,-22.36014607571834,7.557152158925091,-17.816833882169938,5.450006555689142,7.125186138535485,10.78771072217671,4.725497069320503,11.75901135362155,9.201694490088773,10.004731642364586,10.655895190984573,11.764403669574534,11.523294141899665,11.263003377881184,11.50513316758368,11.161920653387792,0.1745757834317125,0.19162844601090248,0.2019432032086283,0.1829449921474006,0.09437233374061516,0.0811436572674934,0.08490829008056526,0.0895296918409977,0.09560026603885201,0.10114456738295813,0.10665128365612553,0.12483268622079965,0.34449264332793944,0.34987103059585084,0.3568191253742945,0.3544804003915175,0.24734553311695545,0.2454154063674022,0.24982778932143093,0.25539974571374013,0.26505342395187576,0.2718422291117362,0.27667900049920685,0.28866018821606554,35.59642144471523,9.831298366312687,12.290050418746944,11.964203747878305,21.37494894058025,24.995357607435924,66.66267173598104,0.31197243175287354,0.08040265348597458,0.5014200210571289,0.02728966623544693,Torpedo
-1.4658356292932366e-06,0.5059193146916166,0.9999999899271834,11287.5869664261,3587.420221726998,294.3183818548387,293.73194042380857,287.77774382452975,57.73389841093048,89.18735300876696,6.023514779279723,1126.1565351724164,4654.0,-148.07767749978868,12.704500569021176,-46.52463523018027,33.2514388800986,-37.72707338694815,13.998110185149622,-28.87838242334552,11.512457683395422,-24.887748607030815,6.682197355450105,-23.085507627647207,6.88489192258985,-17.926806716250077,4.621974788883111,6.675679760913781,10.980339438273232,4.545044856659254,12.864967652694927,9.930158295900155,10.61984764678954,11.408853367277631,12.113042424798365,11.511199329913286,11.153317259953182,10.019601754064436,11.135579913706689,0.1745967302816336,0.1916891064107998,0.2018792551888056,0.18295276983468933,0.09432533573355242,0.081087159746198,0.08493533930674453,0.0895762392567135,0.09556685080494487,0.10113969167638087,0.1066411068248556,0.12475890743611259,0.34448721002626254,0.3499415304933759,0.35673391625159095,0.35450306361280004,0.24728295997064792,0.2452250807203179,0.2498629139304338,0.2555060718470794,0.26500195855476605,0.27182058866349235,0.2767693785487971,0.2885852977528179,36.8134221233399,9.875398614014417,11.767911348211133,12.616311564159576,21.3124810049425,25.200698272179956,66.57835974293926,0.31196681932471265,0.08040471260287825,0.501020073890686,0.027015602216124535,Torpedo
-1.7658408177955243e-06,0.5065667770588422,0.9999999897052587,11316.496573369932,3588.3897013922715,290.33957305453055,287.30188994085944,285.63556809653016,57.80740891748324,89.30173594497361,6.034878139132332,1128.3703768043124,4654.5,-148.27399173329175,13.152307633061511,-46.28251759279667,33.3205488318869,-37.129370234392695,14.411503200241048,-27.63183032564804,12.27272624157699,-24.585033818328135,7.455985012664649,-22.30133611004011,7.522409614857781,-17.55212698373469,5.087078792092057,6.960289868473282,10.942759795704353,5.241565049436718,12.551184782778254,9.724010025149985,11.252711339735963,11.441750452386085,12.676817210161946,10.747639019651425,11.707669370198499,10.790871228204102,11.58020841628066,0.17455982082891025,0.19164439450551743,0.2018582713386815,0.18297013637175888,0.09438514297564513,0.08110065048343551,0.08488665719768587,0.08952709316837151,0.09559203481614448,0.10119120276580622,0.1066231019322236,0.12473392144166973,0.34446602649613667,0.3498371081844197,0.35673622945359296,0.3545228510470309,0.24738557270910466,0.24531349025284438,0.24981012129450358,0.2554696517608904,0.2650424070021396,0.27191009289592777,0.2767046624867515,0.2885678705998314,35.2248633768239,9.695639332431345,11.847503323850278,12.476969667598512,21.203046873699623,24.96260204959303,66.53434682420746,0.3119612068965517,0.08041273544732683,0.5016449689865112,0.027101697400212288,Torpedo
-4.042798799168468e-06,0.5002849660762466,0.9999999896975056,11037.570585853065,3589.8635422535986,287.219079521404,281.01844963727564,280.20137164462454,57.098047029065285,88.18947560109804,5.960719887195019,1130.1996836840574,4655.0,-149.42911289006156,11.911529584702913,-47.54938061122271,32.95106394071765,-37.13898893277468,14.532410360416957,-27.80504512715116,12.272574489303762,-24.74480931335746,6.97959024772556,-22.400401690120173,7.702406612295986,-17.966847849559088,5.284540831893281,7.56228903856827,11.633481922400364,4.93070249645412,11.818846699523155,9.446274088489604,10.633654959903701,12.027668042140256,12.518083926632961,10.94399971634723,10.264886820510185,10.514354031253383,11.030453098520486,0.17455189660657608,0.1915861185286601,0.20187444751560926,0.18294646755930788,0.09435658449752304,0.08110365931643826,0.08491600995941129,0.08952637863092464,0.095579389981533,0.10115074481132529,0.10659716083111895,0.12481272032709262,0.34449747250794455,0.3497499982029509,0.35670220006671327,0.3544508830389886,0.2473184658102778,0.24528995039383328,0.24981225680131927,0.25540651993767255,0.2650238572541367,0.27184682850162445,0.27665657164813834,0.28865957082724253,35.28278707825899,9.794616396901123,12.058312257906755,12.106021338897689,21.208980837948435,25.004998570934646,67.05383291439578,0.31197243175287354,0.0804121282776249,0.4954247772693634,0.026688484475016594,Torpedo
-2.3489067208755486e-06,0.5057755650673557,0.9999999897120526,11281.173470110163,3590.1225671804245,291.2877635948854,290.9215328001088,287.75701550150535,57.743644261478124,89.14507845707148,6.094426464741204,1130.4070238920463,4655.5,-148.16596823968806,11.923247198556565,-46.84088575739773,32.268930343809906,-38.22616305890145,13.777092294649592,-29.224583922496084,11.347065706953218,-24.919190061214124,7.423724044065425,-21.786341613257193,8.113910224233493,-17.831336260751694,4.86096834639557,7.165879034437981,10.55398858747715,5.915226436423845,11.85526204455894,9.432454764444918,9.650302191054614,11.477303723726216,12.40090528029211,12.441268814699308,10.148158390071496,10.565258395422847,10.834304602152724,0.17458716868172494,0.1916038279761652,0.20196382451153078,0.18298307114852924,0.09435683253113825,0.0810694710183624,0.08491167142473204,0.0895189332528166,0.09560090259874217,0.10115513744150613,0.10662222466165522,0.12474961567306196,0.3445604054655006,0.34978802467707765,0.3568230226423252,0.3545284616077067,0.2473316326423279,0.24521896939158555,0.2498467315441023,0.25535475395470386,0.26508134121021115,0.2718552195827695,0.27670034205922284,0.2885830964406355,35.24885425076796,10.19202523209472,11.951204853312852,12.047168885852367,21.207986564282802,25.15690251814352,66.76042326964817,0.31196681932471265,0.08040471260287825,0.5008692741394043,0.027148041874170303,Torpedo
2.302442735566105e-07,0.5061564232739072,0.9999999896196007,11298.169724627607,3588.3607507004035,285.62398531386935,284.82705692813556,284.6722476333063,57.78216338406601,89.2154208327953,6.105309908396408,1130.456260697813,4654.5,-147.75903807968584,12.650895675462596,-47.31817822225329,32.72271808670087,-37.66972288188934,13.397600318786349,-27.628400623272945,12.29172174919147,-24.321768475959026,7.915580539435765,-22.420701833221464,7.0557653534791935,-19.263387438488948,4.931108441247177,8.025672775908395,11.208481551816377,4.994057523697649,12.096441953532869,9.382479998309506,11.041179845578267,12.469467489598363,12.111812689079997,11.004436838076243,11.676159707438332,10.485231174909906,11.15433416900017,0.17457529496840662,0.1916224834526409,0.20188341600435744,0.1829591318131143,0.09435560988858599,0.08112522542821549,0.08488722745192404,0.08955876750517043,0.09557259308609113,0.10113996149186023,0.10661320267884337,0.12476174849746058,0.34449794702887626,0.3498607842349679,0.35672161863238655,0.3545033824832657,0.24733231655355536,0.2453414007918082,0.24977772726613312,0.2554819200100011,0.26494967883157944,0.2718010152854576,0.2766806772562491,0.28860811881720294,35.913572198259104,10.001712260786904,11.74285317397662,12.437032815432115,21.315363210268657,25.107637227628725,66.74855042604912,0.31195559446839083,0.0804161225866945,0.5012459754943848,0.026982607319951057,Torpedo
-2.5246485968764055e-06,0.5009941019093953,0.9999999898225487,11068.883475807957,3587.523315162422,285.0753856035246,284.7947370036046,284.14234719692496,57.19576700010604,88.30361096113916,5.970441232173199,1128.4299415891637,4654.5,-148.32758979519792,12.84404890584174,-47.444407824124376,32.93194912549537,-37.80215795759095,13.251084274515197,-28.55966415118247,12.112512645096535,-24.742014069396927,6.8080817104186915,-22.28049385614811,7.206837168584881,-18.514019101679846,4.625165409918952,6.3305651194448105,10.982843124596533,4.863179263367587,12.583916081184938,10.342231976972407,10.196856967609675,11.63261891723844,11.904298724028731,11.424847365628866,11.083583658356506,10.702116302758188,10.418102156860353,0.17458851248956173,0.1916292607168539,0.20190337953601137,0.18295895899963882,0.09437475238627903,0.08113471009722868,0.08494370703211843,0.08954545401267561,0.09560841760772505,0.10116678430737154,0.10665257784416388,0.1248223042565315,0.34450794440905835,0.3498979689687372,0.35676523077955863,0.3545027307003019,0.24734581463593744,0.24530616596851368,0.24983889080345348,0.25544618862597046,0.2650680683384963,0.27189084798050067,0.2768205935480111,0.2886444294444961,36.274649604942695,10.019425110886562,12.101321593342135,12.326788913474104,21.32181567392133,25.157991069205355,66.45115252183098,0.31197243175287354,0.08040265348597458,0.49614277482032776,0.026690779253840446,Torpedo
-7.851388302851558e-06,0.49948015570457505,0.9999999900674541,11002.086786790107,3589.604070801127,285.8285910146663,284.2373330537368,284.2082791812764,57.01711707614714,88.04053126087565,5.964152139536456,1130.8796138485677,4655.0,-149.07621684579036,12.382187926563903,-47.303049979042015,33.238873527097866,-36.82726305595848,13.761549799887508,-27.81980715626138,12.7693871174725,-24.218742183028777,6.984878595532228,-23.337061306831327,7.504928716269968,-18.179361748090727,5.411564667578739,5.987335563019171,11.00587559676755,4.7389461006229485,11.433511032831722,9.21588657415067,10.893857478415125,12.06062759447016,12.266741541282423,11.75781088602626,11.15679122364917,9.672923480308961,10.71424071573912,0.17462774515668467,0.19169078369402745,0.20187416294642394,0.1830014326324737,0.09436328495156046,0.081110292524761,0.08485959647518701,0.08953187456248023,0.09559162368169677,0.10119168945269569,0.10666483404871689,0.12475609979718531,0.34456108621762244,0.34992085746302276,0.3566960752558439,0.35456416928745216,0.24733435284120536,0.24535970278506455,0.24974313082652283,0.2554399122626894,0.26505232846774024,0.2719418896496275,0.2768112755791506,0.2885981359046658,36.2777090838771,10.340470222502907,12.058143436430123,12.617501442049301,20.97973565710534,25.29706099397106,66.64092859500039,0.3119612068965517,0.08039576195582436,0.4946206212043762,0.02690957486629486,Torpedo
-7.644466346273272e-06,0.4983282144380352,0.9999999900236006,10951.397512927626,3588.0442707048023,289.1579957237344,284.75705472954786,284.56078131277366,56.88793726978212,87.8359841071897,6.018830721057946,1128.4814589394869,4654.5,-149.6385471786543,12.727288390325871,-47.07689673815802,32.21135449180316,-38.14434413206479,13.35614066887512,-28.581924728432476,12.220472040349634,-23.80900890395814,7.827047243821812,-22.452719107681474,7.4909057039668765,-17.693934564143476,4.85269413855428,7.185795111368846,11.475397376370458,4.316321002187683,11.585507382060444,10.915430835212742,10.43161175899261,11.69874295382086,12.601448268220075,11.206736006004087,11.420348624508573,10.899390400009265,10.07170363757552,0.17455570190284456,0.19156863470329744,0.20189543316948547,0.1829480824455765,0.09433783644260599,0.08110342599939689,0.08485873073195192,0.089542248075908,0.0955847833633785,0.10116865577659785,0.10666857527732054,0.12482767597626997,0.3444889899343311,0.34973907690947337,0.35673943660654867,0.35451969158404895,0.24732549591761835,0.2452534917017145,0.24974954124729085,0.2554378244736316,0.2650319801574394,0.27184575837851055,0.27681651466480606,0.2886833302520835,34.54017020012672,9.843920573168285,11.750591767501103,12.094736052529786,20.987235533753648,25.180156761026435,66.73071340850439,0.31197243175287354,0.0804121282776249,0.49349871277809143,0.026564069092273712,Torpedo
-0.00031718394642924093,0.33759255757461126,0.999999989132587,5026.0256471121575,1187.7204885539481,5415.959747123893,5057.80152326813,3866.9727935740566,6.528860630425076,70.59322957900595,0.29004036373687614,1361.446581622411,2590.5,-164.88502479588914,195.80945675648863,-58.937563652658646,67.81712625571714,26.95956250801992,0.7996542637827181,17.048161675947483,-6.341011969615454,-4.179756778371908,-12.311938867303352,-9.525803777987457,-11.845084497795309,-11.547784272436415,13.422547387590708,6.663198336386045,9.25544715178287,4.4219073665504895,3.5428729772130994,3.237822200821258,3.859569433238991,2.3328681743126505,2.5801842784018016,2.6425896899822434,2.7414218717363883,2.069458564487813,2.865960809883811,0.11292723037917246,0.3902080883791843,0.1401566538485093,0.041071615992214046,0.1398526511768918,0.42612976549920545,1.0,0.5060136731181969,0.14411427990845602,0.09222420275618434,0.19979240115748342,0.0330164620079372,0.020357615572226324,0.01814088764232538,0.02545509415118037,0.014720730891466848,0.014499414332586334,0.024118042693767983,0.0,0.03167789295367031,0.022415499901147624,0.02010595677667035,0.01978557346610562,0.017924120999738627,31.646657062124774,27.1476692954067,23.62295283211475,12.454470782444394,13.849136953531591,24.435986350841567,51.355350192981014,0.01746026400862069,0.0017982030643619324,0.3311257064342499,0.04964880272746086,Submarine
-0.0002488131841243979,0.32805226336958826,0.9999999888708047,4745.969208977044,1263.1287774507673,5942.26034587994,4052.975730915607,3530.158930755617,6.42689278003993,68.59057506527077,0.35094906399914794,1430.677156404626,2669.5,-165.50936181133304,193.77803979412678,-62.50627912486705,68.0487642577123,24.907355336729633,-0.32218112014607675,17.230996579959818,-6.085775257162705,-4.8146360275488265,-14.967886789666995,-12.316391156462531,-15.213484282943172,-16.218128605825168,15.199815339376949,7.967009806727044,10.172439589062606,4.405066729153515,3.8441013063280614,3.117568703273475,3.2074048395438184,3.2675888615667605,2.5391335345341823,2.7591781097505805,2.7213119583792698,2.9941527360929228,3.2230096195068234,0.37678262362517695,0.16814974645907177,0.04111536530922783,0.09591258781645998,0.37546762247761517,1.0,0.4892799804833341,0.12517737396745104,0.09647030320190116,0.21626814504957217,0.042818599961794636,0.09638066584133546,0.019395539273503484,0.027871248090511384,0.016588906474274055,0.018314794782850904,0.0249048687711335,0.0,0.04166087615548303,0.030625879014531437,0.021849928716196464,0.025911355771583686,0.022902711157233163,0.026558862556752338,39.45795687050708,26.165055264234628,24.226895499217754,12.125139433986948,13.495711689203405,24.601368192176626,52.16397672059191,0.019323590158045977,0.002570590129511478,0.32180798053741455,0.04886537417769432,Submarine
-0.00018483186989439658,0.36502317935714973,0.9999999891434406,5875.9702433192515,1207.2793760634318,6077.349967661134,5430.873849389255,4186.677553718419,6.691272787333831,76.36228530954617,0.36651809847834493,1446.3251897571683,2615.5,-162.95834503238547,186.4191238925998,-56.606118294999945,60.42907018237376,24.966654936708156,-6.817648682305228,13.733490149733239,-9.028539089570586,-8.109247568543159,-12.98539705559788,-10.492050493952995,-8.386817866145456,-9.345515932505274,14.921764310352355,7.216302023980779,10.389973823423876,4.169894310747562,3.764054680922729,3.5158199557193774,3.0517730849375626,3.2847561999005355,2.606062238784621,2.6778019689164623,2.30144174409105,2.1296980425028686,2.765519881500074,0.03031465765345618,0.07950180118144173,0.331397847001353,0.12591150893648467,0.03923292024115608,0.10512433075703155,0.4733021715647615,1.0,0.5686671617938986,0.17237378891055735,0.07712496023557866,0.1669370164700491,0.016004289551988328,0.016104955848330858,0.01138923406733013,0.018729009322809635,0.015359867966530235,0.017039866521316716,0.011625590534446754,0.0,0.02878914886511338,0.025511343442643494,0.021156304789173717,0.019559436448796548,35.043200292515486,27.602541117402122,24.863236411751522,11.784678475877875,13.573801343417376,24.44319015460989,52.188426672520116,0.01905419360632184,0.0020097979077851017,0.35804444551467896,0.054027535021305084,Submarine
0.00017292840596063025,0.3178764794906826,0.9999999882649356,4456.105937787216,1359.712577703707,5449.048406272373,4575.7535652003635,3059.5384512800115,6.931973434841114,66.39318487896625,0.507208481449752,1638.204893324518,2744.5,-161.15030701931306,191.3849292982716,-61.60269499322534,70.471466718328,30.430452840440545,6.939004510916112,25.45350218817552,3.9852606854205255,5.169448986324116,-5.983320966959967,-5.518437776292539,-12.007355418370665,-14.449047122777545,18.390120182242686,10.472080735533616,11.446689811292709,5.710109848524072,3.0613675897540613,3.2798573017623798,5.012528656120222,2.68876854100109,3.3879147308899213,2.6266802150802993,2.503405160643958,2.864862960994471,3.5906243643074585,0.1643587229292256,0.03749693346910611,0.13645448950251704,0.47208525748886937,1.0,0.41778423043946256,0.11270571053141944,0.12023754225061392,0.23935736427225385,0.04114656551127359,0.16396710564495492,0.4460939173500486,0.03312160135074252,0.022113890716844338,0.019551304780777136,0.022006073728242075,0.0,0.039495276277278744,0.021053565280512422,0.01839785309960997,0.033523877032409874,0.027207395346290186,0.020291843263147424,0.016280662058452387,31.870971703389564,24.792965441294324,24.49798663654829,12.134819561737663,13.62168318772377,24.45225254905055,52.912683995822725,0.034623069324712645,0.00380362003806631,0.3118138313293457,0.0472436361014843,Submarine
0.00013016850533241757,0.3768459486018767,0.9999999890051982,6262.768269137625,1247.2217246020696,8265.938490818606,5671.348161780601,3603.568439644982,6.153566342279104,78.89805217849278,0.2664881882077115,1283.8723551638122,2640.0,-162.30799693989178,185.64117278871925,-56.970547803874226,61.1516306858989,26.507977265944326,-6.879838866938169,13.601671492040978,-8.796874946460504,-7.612481719780992,-12.077687670549233,-10.310857382290186,-7.9965621595630765,-8.44461863852983,12.18463652480228,4.322711544600665,7.7175182883683355,3.5002795021872135,3.2719945200357747,2.8784172671086767,2.9306168459348267,3.164368806370882,2.7047677994754107,2.8033286987475066,2.4395991271832087,2.6964877501879707,2.7473698019211836,0.02202343469426867,0.11050396008214634,0.3231545266933908,0.09302839065355997,0.040773361185167376,0.1352053592319401,0.5994894549301242,1.0,0.48482264426980143,0.15105337924455225,0.08865322968951031,0.16331567946435804,0.01707771979640007,0.01968751986503726,0.011088735804652803,0.022731562666639244,0.018843075337309473,0.025492415502142225,0.01759360761474013,0.0,0.02847610805466879,0.024472163488170065,0.023498836596203627,0.021417685670333697,34.74173043206056,28.802740977488547,25.035353307086886,12.152948835853435,13.65038848918241,24.970976457654057,52.736889698767456,0.01917766702586207,0.002037844765196347,0.36977043747901917,0.055856507271528244,Submarine
0.0001327469469789974,0.36298470596507826,0.9999999892664426,5810.524024436106,1150.860382321038,7938.67554763452,5142.292929006267,3058.560362375083,6.350773331164757,75.96178302045462,0.2466746672348124,1195.167716130843,2550.0,-165.21755736884185,187.78548233920623,-56.1465045192617,60.03168978297484,25.81597775221971,-7.209551149230012,12.906009854095078,-10.02815231923951,-8.276533924252728,-11.899524990982036,-9.946812002954108,-8.459496431190678,-9.022631096815905,12.281951721892884,4.2121332023358615,5.855809097026661,3.931448424392075,3.8112415487330296,2.8658132761446558,3.0974542041634536,2.6437391755213624,2.518672703436511,3.2673414060267514,2.7101866069075804,2.483612331816744,3.209945344449384,0.15601515110001435,0.020640662975199557,0.10489102456199786,0.32779057367876974,0.09414277524080022,0.040413772998576736,0.15666187344594404,0.5944063183005976,1.0,0.47706310422633713,0.14788574758045764,0.08772548956456785,0.023391618140077675,0.017131975431919414,0.01976791119054832,0.012389491246856572,0.022910064844054005,0.019319520884905985,0.024194368893388423,0.0208900420420542,0.0,0.03169204940515772,0.026089193596548457,0.02621912510766847,33.45714832176302,28.8077274892475,24.16224945728486,12.24782986264089,13.709265466216848,24.755063683330352,52.61445829767627,0.01953686242816092,0.0020091395383967253,0.3561273217201233,0.0538504533469677,Submarine
-0.0002787508939365978,0.3442179681694282,0.9999999892626026,5225.236450492289,1215.2121568253524,5846.65177777813,4816.746177950942,3878.2016495083694,6.62270876433801,71.98180051377906,0.3143786946870978,1422.1553501723413,2614.5,-164.2580798823877,193.7431923437115,-58.63199919558295,66.61583177475734,27.248682429825138,-1.8569671153170053,15.630464937880301,-7.268809350598079,-6.206407234741165,-14.390119187236134,-11.310051988426922,-11.314437332176151,-10.502630071754076,15.102260473768116,8.161895745985781,10.269905615499678,4.053357754592878,4.120940831383933,2.6613845888725085,3.5816716499781114,2.926676410333901,2.9367959849805376,3.0826587370271357,2.660287034409795,2.887915063588301,3.2677069680046267,0.08164089177982944,0.3537394434248358,0.1527161729284352,0.04628551585359013,0.12834300679712968,0.39708676749984934,1.0,0.6543822568195472,0.14825528299007648,0.08332859937248795,0.1997128724598207,0.040873197208978446,0.020709633664710483,0.016072778691531883,0.02558338016323268,0.013777910193112386,0.015894921022332774,0.020266184289629674,0.0,0.019607168236935892,0.028015987544440586,0.01929223356191529,0.0175253512145569,0.018252335596310763,33.825788394324114,27.87601160586895,22.83959630282094,12.359463972179046,13.577673411845083,24.4963444752203,50.95414823011033,0.017325565732758622,0.001608173691187359,0.3375987410545349,0.05069683864712715,Submarine
-0.00017840948580256073,0.3876664436370909,0.9999999899352989,6627.581877830893,1154.4571296315285,7114.155882194801,5050.320223438524,5000.643721674203,6.572073888004003,81.14426120013158,0.2978946782307285,1417.35943328249,2538.5,-178.23252173404035,170.82667589696027,-69.60070432722243,40.88869707963163,7.662977986285496,-27.03912720909223,-4.926103401992004,-23.382852225215476,-17.97142629751089,-16.33855158873999,-11.2994247167059,-6.7988144021711125,-7.609534624741663,15.741857592688596,6.629163102018996,14.208411141632334,3.7261886558049713,4.299611175701249,4.947338061294593,2.739671534362612,4.547721641884715,3.5856169469456822,4.042163788282269,2.5278018015397525,2.72435141043629,2.7528782970632006,0.12545931332857266,0.05067258242467715,0.11069456915291243,0.014794848552492794,0.061029618240782346,0.23506524520215585,0.06267099532125792,0.03219661164848156,0.12072719102536865,0.4244604862024524,1.0,0.4424751553511389,0.026875109159233763,0.018603063160515205,0.015826421378649976,0.009728421955197868,0.014434331815419857,0.014860095981180897,0.018374431500081136,0.013426167171925199,0.02181210097166017,0.02372770489224594,0.0,0.033748834176022466,46.394458870205526,32.77751283743955,26.21889989918792,12.384146498270594,13.917822725780608,24.381450270201743,52.10474303810769,0.012021821120689655,0.0014493110936452229,0.3803201913833618,0.05694000422954559,Submarine
-0.00022545003285499415,0.37590603438733494,0.9999999889950617,6231.568030478951,1182.7750850729708,6144.255448941272,5656.378214292423,4562.5063861177505,6.84770170550513,78.64273172279032,0.3430771639346867,1402.722495063286,2604.0,-161.58136770501343,185.55013385148308,-56.073995563772996,60.397860035971036,25.8895499700815,-7.112206617704407,13.327797383819819,-9.650827932395263,-8.443855967751508,-11.7582529570234,-9.361707703327395,-7.954386554988118,-8.75101714756299,14.558801808504159,6.870292600023711,10.292249866356192,3.3768390194131324,3.868291780777551,3.092649808938471,2.990538329146161,3.060536809377742,2.1856843829620134,2.756827268584261,2.1802084442295304,2.5538467385995753,3.101182529971391,0.15402290342407854,0.019699964335660475,0.11262188119614007,0.32050150420737905,0.08866633460383973,0.041679680730367014,0.14869440447671342,0.6227751583356936,1.0,0.468055766477019,0.14731340576926885,0.09058918599870511,0.019804842919078827,0.014602852261313332,0.018050703663820243,0.012269722617706364,0.02037774927885147,0.015165187451080277,0.016813279058994265,0.006647369634662895,0.0,0.027968455812881134,0.020490355608858268,0.02139790138018245,34.13663275859035,29.7982238181388,24.66141432283499,12.75715632723687,13.12764506147453,24.74070423886302,51.4354227061948,0.019469513290229886,0.001968226623985304,0.3687124252319336,0.05569831654429436,Submarine
-0.0002617868731323794,0.3812510761493416,0.9999999901595011,6410.043115445253,1060.584144710663,6657.806090509854,5331.741004990799,5111.689336412193,6.405699410816687,79.8060972155692,0.23356255418189173,1164.9442839739283,2461.5,-179.97390997192602,173.32114575186617,-68.0108025300028,42.923427840477856,8.920389902766217,-26.735519644663054,-3.9478591968092247,-23.062851123836335,-17.766337564953837,-16.272209728004768,-11.153728813508794,-5.7601187847917465,-7.479894793877507,12.966598713211063,7.54520775380563,8.435154707183994,5.161796912385492,4.210031453085727,3.9057963929799615,3.510269134906327,3.710751053969634,2.96161567402398,3.3965148073676534,3.001250134601374,2.6813222834926065,2.3475775232935816,0.13686694025623988,0.04591290855482309,0.11086895744440911,0.016636355106034777,0.05195848233960809,0.23389786938472304,0.0721136477331142,0.03046699481031583,0.10995936634376192,0.403828563424582,1.0,0.47110871260532355,0.02600588433386434,0.0175321000606006,0.014820161798965904,0.009984311702787019,0.013349061441788278,0.014314321869415255,0.01919547233116199,0.014982919329616613,0.024508323099053913,0.026508596067364863,0.0,0.03211454211808285,45.015695823227794,32.44463118667086,25.2598163932622,12.419372790887886,13.770631883287855,24.658178526871605,50.63875544222061,0.011651400862068966,0.0013059482374505195,0.3740917146205902,0.056036513298749924,Submarine
-0.0003373734971835274,0.34159334473529895,0.9999999884908602,5145.858200185149,1180.1179171816357,5759.525234541295,4856.952555200696,3603.41754948105,6.609918020276624,71.42949113195786,0.27968175727382405,1281.2803308578518,2598.0,-164.62335763906438,192.93404311489124,-61.813378263318825,67.55097202223554,26.94702340694896,0.06664196616073216,18.9702712708875,-3.66881302001098,-1.9220343544470828,-10.500189075953454,-8.483406718240051,-10.808180452674272,-11.294404266505989,12.845839957301166,4.5235731044147345,8.89390606012987,3.5505433851391746,3.1195908625473914,2.582246674482996,3.4785331419263525,3.0023844319403743,2.8987694322450244,2.7219397240162033,2.426156729570047,3.0157218063400726,2.8717296319230528,0.1357547867584456,0.389537162435646,0.11895787808193095,0.04112014710639794,0.14568924872503555,0.5511528235610899,1.0,0.41755657851849637,0.13125692986497786,0.11224670850872183,0.19336202678181974,0.027553958926962052,0.020333976552156588,0.01529277846773753,0.0258058801172259,0.01573201219439106,0.01679901472945538,0.017000461652334858,0.0,0.03281441597843604,0.019447729633122843,0.018488129999121732,0.021076968935197164,0.017803608819840656,32.18838231816923,25.11125233862649,24.088438139277148,12.201648473324179,13.719816270847337,24.52837535265056,52.235277361660444,0.017600574712643677,0.001805719718439581,0.3350728452205658,0.05031786113977432,Submarine
-0.0001227749213312198,0.38945158405138525,0.9999999900203327,6688.75951646722,1149.3025646592066,8632.111180453609,3528.1407934493286,3351.482038577441,6.524072206722677,81.52420905876076,0.3119023660139918,1369.5895184953933,2539.0,-174.27169245289355,176.09302473483802,-65.51994047781237,44.73196283737586,10.357283753565598,-23.94340859625317,-2.184522133042068,-21.59348878632268,-16.5421892082787,-15.746238528657013,-11.406385799977159,-7.1537149648146645,-7.590456793205514,15.355911353585562,6.075814030756426,11.701363748723507,3.4786525515631834,4.342141760095431,4.085653311812524,2.6238040333718686,3.9640990912707923,2.755901563152238,3.4055511401928262,2.5226870597205644,2.659392201898122,3.1393871883498776,0.12098802832197361,0.053173469401003835,0.11136499363069574,0.014275259210619663,0.06510514486841806,0.23722271013443308,0.05999130248146401,0.033392754180688516,0.12784233856078825,0.43710266092094235,1.0,0.43345378819868,0.029078974522256187,0.020108100974079654,0.01649027130672193,0.01019340148393084,0.013554922922547124,0.015635578972709424,0.021850807196897422,0.016564779932707253,0.026420900648918163,0.030415856208748763,0.0,0.03185357532985191,42.94270577902552,30.62758387249106,25.30024702710206,12.302431014948759,13.48029741027085,24.35489425546696,53.35742280874674,0.011628951149425287,0.0012748491892977229,0.3821876645088196,0.05732615292072296,Submarine
0.00011410599819844326,0.3721738574672657,0.9999999890819281,6108.440640218935,1240.4362440331588,8466.791959011418,5439.59534442973,3499.9387532256505,5.79365617911399,77.94148293738705,0.2436471859113829,1224.889531847095,2638.5,-163.65684789409354,187.63684168995474,-54.1594369543237,59.365391114646066,25.46421450752945,-9.54973719299863,11.274746810323895,-11.84695706789223,-10.606463393012657,-12.967346797170272,-10.458874262866994,-6.2568157274214045,-6.791416585312962,12.228739784248413,4.861244472625316,5.757766646063752,3.5960238045602564,3.704037479124003,3.0357992211017866,2.5570290239772553,2.341895815935655,2.8723403469028237,3.044234374450005,2.591731474352179,2.350708279980673,2.455476920697315,0.15747352571967807,0.030743709757527885,0.06647881762738206,0.3047366142234486,0.1174476171015924,0.03553850339214248,0.14442252805198463,0.4109482436363258,1.0,0.6647407202610734,0.1592578194878368,0.06913286569772031,0.020817971319200643,0.016355740436103088,0.019027393912895783,0.01288207132822389,0.022749925165760694,0.01733091506545239,0.019628876034798428,0.028266936049039446,0.0,0.018630322148963083,0.03307409611956503,0.026597144842154953,34.24600276062865,30.87658375398904,23.62996350665638,11.975301979050839,13.868061041056901,24.780832240001814,53.24206470320677,0.02161907327586207,0.0022304583202612982,0.36512938141822815,0.05531615391373634,Submarine
0.0003976327846014875,0.3732425199092183,0.9999999904355826,6143.577031998644,1141.829746029898,8902.98862890729,4529.533833687295,2583.420013699745,6.078132165548606,78.14499545107064,0.2254828646799522,1238.0965709983457,2514.0,-175.9047898477351,178.5844534355289,-61.84141728421999,46.92654240279021,13.463845632484132,-22.15851412408675,-0.6240360712760845,-20.551651461539883,-15.8874828883406,-14.376753605607181,-9.665797975907472,-4.328439255301669,-6.222994337728479,13.171397064102214,4.637815300452689,9.221716032417831,3.718576477905761,3.487557632103977,3.6337920148690324,2.308115103633186,3.7255409114125144,2.5534604932064164,3.754795451230718,3.5358986545348636,2.671414221666758,3.025977268435733,0.14899601697743262,0.0418650827077498,0.11230747315657391,0.018733282674433697,0.0440516009534872,0.23616415655909842,0.08328011697416797,0.02875494253697594,0.09801143048734698,0.3932411419078355,1.0,0.5118811991517035,0.021200735506080495,0.016455354086456174,0.01737918641328902,0.010443373768047371,0.012027136979464483,0.015813955862269632,0.02107551115362233,0.016522341500916065,0.026110065786451055,0.024092793122901125,0.0,0.028875647439466752,40.61039573441307,29.016092937212214,24.808989431929316,12.17509541882783,13.818044445769313,24.534357208819305,53.801423923443465,0.01147741558908046,0.0012206998994623128,0.36615192890167236,0.05502114072442055,Submarine
-0.00032326181996916357,0.40431081016144327,0.9999999888566199,7208.909504881863,1118.945772048718,6909.764654924106,5789.606359140288,5061.421907570653,7.142027508355895,84.60440624581133,0.26936311399033136,1276.6334438380238,2530.0,-157.5366523329365,184.72731005067521,-55.36393231564575,57.56846080711807,25.475892089848312,-9.833600942405898,11.374464774701675,-10.623456540121161,-9.908137204234734,-12.617140074935202,-11.067309597722934,-7.760733978145611,-9.012233153675545,12.466822899216748,4.5184807120579995,8.42260901410845,3.4980695296100697,3.9748536749211616,2.9801893157759487,2.6600528449265655,2.7210363777039697,2.9371563354376096,2.556600857081497,2.9027747856698842,2.6315313129564695,2.885557964130439,0.13741948218273062,0.018071206876186602,0.08302485719153178,0.29216415530280937,0.08204631550543717,0.04461538779369798,0.1517894600348059,0.4892749142342269,1.0,0.49803742764526576,0.11674670210217235,0.07649027251865313,0.015593507283769332,0.01035865656545074,0.015169879981880722,0.012996519063643762,0.019076123726914522,0.01232431989866706,0.017482968915013507,0.017838193752539595,0.0,0.02085220838282457,0.025298083070277966,0.018067424482129568,35.69704575037598,27.63265363357332,25.325420427845803,12.129162824529885,13.361567807265184,24.743885814691087,50.54617471066853,0.022921156609195404,0.0028223539094825063,0.3965575695037842,0.059553876519203186,Submarine
1.7222904938183188e-05,0.3699047651268574,0.9999999887458597,6034.182518204114,1314.8992210137235,7260.392231666018,4233.611026221772,3474.984348042912,6.987144444272312,77.36512354543007,0.4977293161246885,1640.5149821731538,2715.5,-164.7010245232797,181.55613345972412,-64.83925879879209,54.907503599588,18.451201727416287,-11.230589424104455,9.011342500245675,-14.267436554182002,-12.984415822373382,-17.685087900186442,-13.776928169813186,-12.318048477430748,-12.434831673630846,18.79855049500739,9.36564839240826,12.584982221740471,4.356744958153823,3.7387672538165617,3.9360281432313995,2.746081439459163,3.5161351960310276,2.2580956017632343,3.117705314106806,3.309167086731105,2.856055028562216,3.263251040394865,0.024213763985145898,0.09798348039041883,0.32005180744089534,0.1057716962505138,0.051143935542099166,0.1131802892015413,0.4297762931661908,1.0,0.4371806695849191,0.13104024951864604,0.09131683497758444,0.1647495650619296,0.01414861453936033,0.017612633630097067,0.02013387226933352,0.029130991651598794,0.015287080810085339,0.01803873176715621,0.019813538827142343,0.0,0.03533592385936205,0.028535981769656882,0.023284476172312326,0.022470380638605687,43.52908864044723,31.41437274714035,24.267927023396627,12.15537894192132,13.824369608490331,24.471283012181917,51.478688096982914,0.017909258261494254,0.001671071621421465,0.3628227114677429,0.054524652659893036,Submarine
0.0004021133203962623,0.40943868064867084,0.9999999887706773,7392.932595374299,1388.022634635341,9732.238688442334,5622.747635293892,3602.0739046525937,6.32221756288899,85.74945649586425,0.47688568013390903,1604.9112660494638,2750.0,-159.63086061354772,183.45187149797292,-56.03023146661337,54.948392107409695,20.552590736680955,-14.347668601172211,6.563142121725384,-13.383859517467622,-9.927522594279335,-11.278610142296063,-7.5402957463591145,-3.556775134213007,-4.731796579074806,17.631794813256267,7.951876802922719,10.990095711825191,4.42696913958012,2.8666139356568285,3.2501031926726256,2.662252742434153,3.8129827310746673,2.4516274904537303,2.873424377894991,2.631609420676064,2.565226328135504,2.804056195842187,0.0648663109688248,0.13352526892930386,0.01682777376401781,0.0803787651317065,0.2866940752643457,0.07689722054924705,0.032571822826823596,0.14496642613791197,0.5885317538905477,1.0,0.517470458873406,0.13276560249281105,0.018682635213042743,0.020251166094173354,0.01214031572227158,0.014383859402524903,0.01579521650311454,0.02327176517381099,0.02126241911340014,0.021313685721705986,0.013104055771743426,0.0,0.02274300243012487,0.021256411459285154,34.68638636267033,28.814653667416543,24.80958762251704,12.299322943889425,13.390957860289147,24.484626708640675,51.536974583187856,0.015720411278735632,0.0022220254484114185,0.40163955092430115,0.060760870575904846,Submarine
-0.00018799264160130816,0.41642325604794,0.9999999887525856,7647.308831179144,1137.9224984050854,8309.13690234042,4874.875551534583,4254.084084075062,7.190553730770958,87.15277578111353,0.3304797552082013,1355.212713897915,2520.0,-159.43119427734027,183.77921422760986,-56.75895359889278,54.72868386243086,20.716020784150306,-14.058804549583023,6.638628055891125,-14.641410069664433,-10.562058704864372,-10.775247568434578,-7.229679671601084,-3.0612376577102856,-4.710786101456448,14.783877379585986,5.836971188943555,9.860901832820227,3.4584861735926955,3.4548764074036913,3.1090060492972813,3.176668792915335,3.2223687501465927,2.767154639859092,3.0325376760266787,2.3770365522931667,2.2845622299930777,2.711770883753325,0.06363074095891244,0.13446250426619571,0.017352119110906818,0.0770762824850751,0.28729367017617435,0.07851083798775334,0.03090483128817294,0.14503101093688361,0.5698397096527424,1.0,0.5326297264506437,0.13370579690247797,0.021155716456730655,0.015956467337991418,0.01096216383219846,0.013387431598054842,0.011929409016274248,0.020624840938913928,0.019872857959740867,0.020875010182721518,0.018663970341406134,0.0,0.02213402115431228,0.024751744366295823,35.082444018248864,29.25465330408377,25.159064558972936,12.292923416102774,13.642725634781282,24.600730806857005,51.79281330790172,0.01574847341954023,0.0024932955485788394,0.4085536301136017,0.06167338788509369,Submarine
-0.00031041432457827134,0.4144818415164325,0.9999999888536726,7576.172434702255,1091.966220643642,6691.8478590055975,5992.589190299329,5917.917097270239,7.0750691084069075,86.75321366469045,0.26680042443531893,1194.5269078499841,2498.0,-158.66309847870636,185.3910851842178,-55.93783594822557,55.91178265282365,22.147727114804894,-13.705754405533405,7.360351187838671,-14.375148362042921,-12.102126639620685,-13.327947625627113,-9.977118651557355,-4.7465770598799475,-5.203226922706524,12.220567916110864,4.880786366133762,6.606316225598348,3.682627302662604,3.4108013122267065,2.75890382552267,2.8213335909619577,2.8619683093842982,2.494202831839285,2.589605657310238,2.836509166821125,2.505575694428732,2.352958113248071,0.05648311155882199,0.1310816600310911,0.02035287545593935,0.06610275213577783,0.273579007434429,0.08607357761025188,0.03492288417006399,0.10564144092436688,0.5007312575393562,1.0,0.5372571026274809,0.16111909888136017,0.021103397447461102,0.01752209827102178,0.011756670742132307,0.013840921329657859,0.011934684685520105,0.018017381956285078,0.015522396856322503,0.019720242594283722,0.01199591252609382,0.0,0.025762492162187865,0.021211894682238823,36.0914344481272,27.47992401797972,25.57113139339299,12.318410644501277,13.313356234657766,24.737708548930808,50.441440629733385,0.01953125,0.0023828971449540823,0.4065878093242645,0.061198536306619644,Submarine
0.0001155362093906725,0.3354242544997822,0.9999999887616952,4961.666474020949,1472.4457556630523,6565.445127615693,5790.167455979588,3854.9079452320198,5.20036117546043,70.2468739941349,0.32453129868925146,1446.2547475200101,2828.0,-165.41138097494823,194.4601518596129,-59.915220381724545,68.18106459578863,28.013727343009453,0.45094929714149734,18.229611438961882,-4.562756258035053,-3.1625219777444737,-12.04392855085308,-10.125121527432766,-11.802227414915611,-11.837920142820904,14.45803316519246,7.651522558353416,9.550740586891502,4.123742673450603,3.8788183091461685,2.777154470112094,3.3331917139479543,3.0758650970822927,2.9904614844375077,2.468637576840798,2.84304851416184,2.7100287323845635,2.3651125023289787,0.12395184029191511,0.3926904114252978,0.1316397283666115,0.041018314932823596,0.14486537504507105,0.48178921757501075,1.0,0.4524439209231213,0.13810117109998002,0.10088079356522553,0.19892924109435556,0.03067817060117992,0.02215225621491327,0.013824901121607452,0.025822664209540117,0.01958295572936776,0.02283311248491683,0.029738626607634475,0.0,0.035557011941033674,0.025017259674237634,0.02373290976340892,0.023910182682168307,0.022178118412881555,31.81832674447849,25.289422038703357,24.23978510031366,12.338979146308636,13.590274477363709,24.45189818816733,52.88403049133436,0.017067394037356323,0.0015242677080430994,0.32919275760650635,0.04981812462210655,Submarine
0.0004285299275699955,0.4127528404127107,0.9999999888541485,7513.100508983682,1307.1318784516868,9725.093974534491,5668.893803640106,3584.3466907651073,6.521998757815605,86.43247155207918,0.40381353387500185,1486.6638400754705,2680.5,-157.3248544895887,184.83168712906024,-55.4100039104948,54.31480033829594,21.411155050562435,-13.793208282223477,7.057457738993116,-13.68538024253573,-10.831617747597143,-12.326053456716924,-9.27279508403461,-4.676575561540151,-5.4972213403536,15.43476521070512,6.714991351406768,10.951407728587938,4.095029173557011,3.42081251886362,3.2496541255677407,2.704933747089282,3.479776374330922,2.4757521930373767,2.8735150955298825,3.5148501418649363,2.411108093758712,2.848413082729369,0.06069409301677912,0.12870793296270586,0.01694049865139278,0.07990198040664964,0.27285941274621595,0.07512210527871666,0.036788124243726864,0.11981403914773105,0.5669682211516167,1.0,0.500966485137565,0.14587476525692447,0.017402713218272116,0.01690675747715722,0.010744371194285732,0.013974705760596815,0.014486296804917875,0.021624281549861006,0.0189910663186374,0.02266649112192935,0.010480174234102002,0.0,0.021761703897636438,0.01700314782852761,35.91530227796771,27.77121949908997,25.405649449485082,12.12542962736403,13.77238376356488,24.365073243734944,51.40458114184362,0.01903735632183908,0.002742715030370477,0.4049014747142792,0.06120441108942032,Submarine
0.0003497494389698873,0.41252421858785554,0.9999999885858811,7504.777178157016,1276.9134461584897,9231.240260006833,4972.847289022879,2635.9491403661928,7.313006835498853,86.32092736545793,0.48508427736508525,1600.61156985184,2650.5,-166.7722614099826,167.91758198596287,-69.17470584859227,42.837605939052594,11.778299377993779,-21.5351194938652,1.3397946681849229,-17.604881205710775,-13.111615427472998,-12.612707550664341,-8.509974705336763,-3.4997023364453828,-3.6889497477415447,18.878089787881706,7.6853638136934705,14.093552127178242,4.285437068381103,4.4980066242813805,4.4641224571360665,2.730806180292641,3.7058239630446974,2.3224169432627115,3.6349127457736983,2.9082956970687874,2.8932793091032143,2.5109375813165102,0.0671361997931292,0.13067407404777687,0.018956303732307958,0.07154222722155323,0.2664978692223561,0.08292069745686102,0.044902617339623016,0.12163521929527131,0.42995284918492627,1.0,0.45666487667014893,0.14049757600773297,0.019294601151301563,0.02237631305867783,0.012910830136029982,0.015163373502602056,0.01915135322829601,0.026871985305280555,0.016888486189542654,0.02298977460052693,0.021769812817231685,0.0,0.03273094733139514,0.026142151887250168,48.395562307067735,35.247866343354275,25.857226637250633,12.398136432797191,14.02703081565161,24.419862202622195,51.66443900634192,0.022141029094827586,0.002675274430675651,0.40471622347831726,0.061224985867738724,Submarine
-0.00035255459208333173,0.334200108967283,0.9999999885019722,4925.521817366155,1172.8496249679067,5580.854390486489,4610.456837788438,4040.026592448268,6.652445019148586,69.86610246770864,0.2708333006768071,1220.6137618326711,2610.5,-164.61450321851245,195.4904215580681,-65.05507705798578,68.88280548138583,23.99459514872502,-0.2349081274822798,18.32521679138627,-4.951226440968796,-4.3252445799902866,-15.730498545132315,-13.517628196387692,-16.39060790510941,-16.27586878131136,12.746568172489663,4.218503338107362,5.547116254079825,3.3868476790249673,3.5522721907982193,2.9396835259417107,2.838017527366494,2.572729444536438,3.016648246805735,2.464838655121569,2.7641624053365876,3.037781235957998,3.661236363475263,0.38150822443399823,0.1275547815015859,0.04445168201690664,0.10866762059944453,0.4338255878570738,1.0,0.4055176030085187,0.10498673541658395,0.11137007486592933,0.20581101946151364,0.032921898477109045,0.13778373165440588,0.017576161791124596,0.0283444764169122,0.017119718738148895,0.020155378117778778,0.026273764524649697,0.0,0.03747875943792343,0.024437689999936067,0.016628715642330365,0.02188967953795118,0.020569696053654572,0.023325418644193775,40.53768441582878,26.406578907222233,24.76558033491208,12.417174765237501,13.290664844010557,24.728852849020377,53.02928363898895,0.022556348778735632,0.002999789037320521,0.3277251124382019,0.04969631880521774,Submarine
8.54544942595423e-05,0.3977235754541036,0.9999999893566255,6975.916595053977,1221.290856773839,9389.342672431618,5503.726563892448,3525.461103748764,6.0023748030282755,83.30599266442496,0.2569288872881219,1217.7911065399016,2633.0,-162.68859628751767,185.64212364997343,-55.36996586714991,55.69028640229647,21.265519703943944,-14.223965386572134,7.26092914804428,-13.804879249705403,-11.741601471014432,-12.823592971372385,-9.03637909878769,-5.197944272293293,-5.933683216507148,12.368802507931743,4.635280734789451,6.289350994708096,3.7070222252501486,3.312439509550035,2.710561118146024,2.591870515679171,2.6148731973081154,2.266473442170234,2.4742591559130696,2.344312868614768,2.372094570722751,2.80071237987383,0.06038602103116693,0.13082470902464483,0.01823706825773991,0.07650858552666503,0.27241084040340896,0.0773604196451848,0.03639997648252424,0.11590144314939213,0.5496728706164069,1.0,0.5108363221603055,0.1507824349790256,0.025093457078502676,0.018710847168753396,0.013579667872873858,0.016456926422215072,0.012343375446709756,0.01999728252657693,0.018663636985761085,0.02529848091982433,0.018500305154233412,0.0,0.02782406860363727,0.026415497192865556,35.95314037257453,27.17584006586238,25.610486634902415,12.288284125776062,13.580719109426115,24.793636087924405,52.92645734984835,0.019733297413793104,0.0022265995763492107,0.3901767432689667,0.05919218063354492,Submarine
4.217721146340299e-05,0.4106307221230706,0.999999989065272,7436.035795303213,1148.971258326771,9606.690580276132,5104.504219931097,2900.2756802680265,6.863481075576974,85.95887680261875,0.2802893729800835,1254.9583481866782,2524.0,-162.4421055078621,183.48526456009742,-59.05958876668478,54.06850150860062,20.03061904496354,-14.80623091715502,6.521592071215004,-13.636208558493346,-9.976319482590663,-10.917540677835223,-6.734456597206113,-2.6545416188371185,-4.61751800190264,12.75029876738703,4.786605216079501,8.803541577868724,3.713018627074045,3.174305312406323,2.762942264976061,2.7116095990939546,3.2355610358444857,2.5001294961492944,2.488381965525594,2.6295420544845842,2.119775005667773,2.385422914179996,0.14203554393880807,0.056449880735010054,0.12960301627424267,0.02029557068974284,0.06398965685293143,0.2802094295400073,0.08618235193235024,0.026373868670251883,0.1414161810087389,0.4959024954928417,1.0,0.608349830538075,0.03163408645540258,0.023545608867810375,0.01828953072738873,0.014328934803568238,0.016499111349097297,0.011992515400900789,0.01922530519928277,0.018878512036540132,0.020155215065872457,0.023522400695890528,0.0,0.02183321494141298,34.90975461726621,29.941552700737457,25.287655064822925,12.0178697300187,13.588908840318048,24.83023430728403,53.39975037378927,0.013582076149425287,0.0017307403544227996,0.40287092328071594,0.060887712985277176,Submarine
-1.5876007793671675e-05,0.3958574357442655,0.9999999893452399,6910.6071371558155,1224.0566369256178,8121.046761578125,4362.2469899389025,3773.1879674853144,6.922295907539736,82.84134816622894,0.40488868968588554,1542.665688427784,2598.5,-164.949590443786,182.63611029309038,-58.493654429101824,52.513145742654466,18.70989779825749,-14.769754459693917,7.226419902356428,-12.975770385709643,-9.244539544265168,-9.73065885241412,-6.511733865444388,-3.37879662187894,-4.627675581968359,17.109342263719427,8.347074516891265,11.676714741735212,3.737225923358079,3.547397170283446,3.442409171457776,3.5096001990891343,3.204083008290546,2.4753089624448235,2.645696654846541,2.098668759135624,2.3994962094313337,2.3680253360980195,0.05895125981877063,0.13533675811624216,0.019531467279028686,0.06842105240654991,0.28770297470782086,0.08497279079103189,0.026938666496202468,0.14054972450098346,0.5098172395912006,1.0,0.5836439791445429,0.1374995337643739,0.02071884095496077,0.01598506829537182,0.012101077916333355,0.015671595455388262,0.01876142230579511,0.02126160863900154,0.01718315171610187,0.01491393443447637,0.015164810367301922,0.0,0.022432734053797216,0.027900061660106383,34.828420369248185,32.14411581127471,25.733923164494197,12.273250152212578,13.665191248707952,24.878859792789946,53.05670061220649,0.014126481681034482,0.0018206599307183287,0.388311505317688,0.05838387459516525,Submarine
0.00015064451156503164,0.33645071231624984,0.9999999876066048,4992.080508973942,1180.2123304566048,4939.602498324548,4698.428052444187,4253.773182733239,6.930912071876899,70.31389597799622,0.2887977046143932,1233.0998437644469,2597.0,-158.5377197247652,199.16120117723574,-62.51239460806853,73.15488397337639,27.78104383853936,4.652827390783996,21.430138078669536,-1.7510344917864307,-0.27864560718937126,-11.847479066833252,-9.525378901082858,-14.027956647071981,-14.840790752129832,12.16716628749656,3.974473455000288,5.84497924226516,3.6399377114234186,3.78879269071013,3.03358805815121,4.7291612053769665,3.089816485644097,3.1432660222593145,2.8687284304110445,2.888298287762237,2.6499756823383405,2.7782207714574016,0.19748008632639558,0.0484742496968533,0.10318433937880846,0.41698772934771133,1.0,0.6569102619313897,0.13279176826911768,0.0920408595482671,0.2560896443724922,0.059857488734529174,0.10565561593788263,0.4222965673192203,0.024772614167055774,0.019524057903479844,0.02609143398868692,0.025166169602666558,0.0,0.022191865732809443,0.03242184156922446,0.023136955171038365,0.020029000906342326,0.023768333311393806,0.022112273873622208,0.00837087082677842,32.09855563202988,25.918431599895182,23.531590031520434,12.66202686582474,13.98386734534485,24.659204974831095,52.39766026029317,0.032417385057471264,0.0033734661868848837,0.3301103711128235,0.04998364299535751,Submarine
-0.00010583957627932629,0.4233224745188832,0.9999999882012021,7902.8050527949645,1132.7641506383375,8672.901758748634,4535.335243945028,3994.5151726287427,7.421837758017102,88.58736857330439,0.33607046406740393,1334.288302059664,2521.5,-162.9059067793994,172.1751149853606,-66.50261531668008,44.829098068992046,13.803863844775645,-20.275315514402628,1.7629993527129686,-17.046381867155954,-13.31932009034864,-13.11056241338051,-8.887723002436188,-4.433963112653045,-4.318659017243893,14.053802529804393,5.702460763746572,11.533601759519911,4.096132906961983,4.95024035784463,4.368856175685092,2.3759171083288213,3.5139204471323424,2.438237231550794,2.6236426804292963,2.481895334141609,2.8376400013756062,2.3539158995651883,0.065047304936864,0.13056090508896132,0.01996483383950218,0.0657410035392876,0.2644997033410288,0.0880571021932172,0.0433664776001514,0.11658974824456557,0.4195479245634638,1.0,0.4716187972616188,0.14735189439638546,0.02210479227546097,0.018881199722352353,0.011813289240849761,0.01506503409740562,0.015678508823544345,0.023769353351218464,0.016858443295677775,0.024380043107608468,0.029016203095010205,0.0,0.031944289369261976,0.029120592973606682,45.057384670370546,33.2171004765711,25.645117556664886,12.61324020771294,13.848099148972612,24.518829869060614,52.52632865507836,0.021832345545977013,0.0030854167488099595,0.41532430052757263,0.06257683038711548,Submarine
-0.00016255333067473335,0.36705226314422185,0.9999999893308309,5941.477912357026,1232.947441857202,6938.201549934936,4457.013731088456,3819.4635078226966,6.844418623745938,76.77651340056238,0.3975819058517451,1529.7797127537503,2621.0,-163.19415280723325,185.56866670438131,-56.901318982790805,58.855152192441864,24.797139580949896,-6.110222719024353,14.443587565141781,-8.201698269531327,-6.809846400629472,-11.582289864204546,-9.545175120377534,-7.841696473920168,-9.011910384299908,16.037617857969728,8.671591006526354,10.694776210746488,4.589078043682505,3.6155762573703942,3.1119681592621715,3.3194730034742115,2.818500671480955,2.6494724462698307,3.1411194094013366,2.759803521273083,2.2604800961494207,2.502002152356549,0.024531685918001256,0.09907646561011045,0.3273043474387028,0.10258094725011012,0.03962376528134344,0.11941269639821939,0.5486956386875318,1.0,0.5202598023042568,0.15860056301398984,0.08098674771591267,0.1642149791180447,0.015445182641233296,0.018435734340903898,0.01768633009001426,0.02346420976321638,0.015930350227186262,0.017290179280781203,0.008779402469854048,0.0,0.02632172788989448,0.021616459896422375,0.01923399080022879,0.01928175287168106,34.883050661473135,27.955814597131646,25.360898553610298,12.08838341999978,13.600815180023206,24.63070805667496,50.259286381739805,0.01879602191091954,0.0016798701602774278,0.35994717478752136,0.054238200187683105,Submarine
0.00023948229538375325,0.3491877163649075,0.9999999888326059,5377.206430785182,1576.1640796682934,7124.11233059938,5858.704719549748,3901.1860829869925,5.399722748937386,73.13037639929298,0.4859049204428931,1678.0531026764495,2914.0,-161.81829589571063,194.43326022649975,-57.59036427986984,66.17648878725271,25.782784043091198,-2.1850511139604603,15.623865541505891,-7.162917947876172,-5.429322396216981,-13.757030630159965,-10.88469626030246,-11.36964068587562,-11.194690338919255,17.066913744486516,9.777601630553303,11.586497169392917,5.6210618884633385,3.353381908626026,3.022342449786679,3.749299716245256,2.915977987670763,2.568167815718064,3.1007003149446093,2.7506160269629656,2.6314172553545263,2.8595375823938003,0.08214122632410605,0.3562033458219292,0.15465288552962006,0.046297793574167675,0.12921854795647014,0.38637044854939967,1.0,0.6576182911088567,0.15225460335732782,0.08219757039346026,0.20222665667367637,0.0437509671316273,0.021385464205839366,0.012699631003597571,0.028176762801813707,0.018783901184528523,0.021188569668011605,0.025304592844150597,0.0,0.019583642734157015,0.02895623076805208,0.02090531097264319,0.02334394289090414,0.024125545209865814,33.17383347383663,29.25775160096596,23.521346443615446,12.052753550496234,13.798338780872582,24.473458642463214,51.31150305800331,0.01746587643678161,0.0015417739581232168,0.3426537811756134,0.051855623722076416,Submarine
-1.09981076562609e-05,0.3337274953819655,0.9999999886047874,4911.595221104127,1384.53393082603,5470.389692634954,4750.176718420978,3107.9647742643465,6.92477188175273,69.73982189114881,0.5586540686606835,1706.6815470989482,2784.5,-161.94927886503064,194.22669620751503,-63.62722903756702,68.49305010322497,24.858259272429574,0.7496109764935465,17.338459372109117,-6.200017584893103,-4.6107793640225685,-14.334734532538628,-11.7225018852481,-16.26685435295433,-16.67330134159175,18.865958164873053,11.087162594944017,12.637028156972445,6.121934980192297,3.268089154543421,2.477905597835829,4.104909542791762,3.139422718467265,2.154049834029781,3.0174712936352788,2.9334257387767786,3.0831025559127023,3.153242747856971,0.38134630107689943,0.12547107253601,0.04500023966116553,0.10956230243128581,0.4391580041789855,1.0,0.4016586498221983,0.10421394749753626,0.114146170669781,0.20666603335861816,0.032050682484421285,0.14061129195505212,0.014793136981608165,0.03078956818876087,0.01821625670984712,0.018215462005698912,0.020115306568863896,0.0,0.039292702692443976,0.02632128609508561,0.02251970885216008,0.026142143318594185,0.018837571484174812,0.017596592739019555,39.761643229428394,26.758507122806297,23.50449821402251,12.06658853948227,13.49776494323533,24.621877339825517,53.139639516252565,0.021686422413793104,0.002400715735807863,0.3272465765476227,0.04990733787417412,Submarine
0.0004088779031755459,0.3761778897936178,0.9999999884704817,6240.589763026707,1178.2242487404687,7998.915316975055,5573.195951454829,3366.4829553211375,6.763067707956236,78.70742055759578,0.25695608290514127,1249.9864704250435,2578.0,-160.14513704250066,188.40323895259016,-58.5858259750832,60.2935342911298,24.214648072161406,-8.945962811673214,10.354483193998426,-11.995082477968458,-10.165086125138973,-15.616751710275604,-13.095955745413526,-10.906009786814762,-11.56367585382181,13.082013463915231,4.4223800762333925,8.556872975404744,3.3310405030815367,3.760081605523251,2.954465052238086,2.6301652417881076,2.7409736844052017,2.4912784041552847,3.087238965928406,3.0013900916401615,3.025187649263411,3.427643334582406,0.03414864620229005,0.06607341192347106,0.3172769193558742,0.14551752363414644,0.0442031383199039,0.09911016997363964,0.3884114763227796,1.0,0.53554375070338,0.16338262076929727,0.07989822975699044,0.17168366444744781,0.020331307807777296,0.01949339115775426,0.018263474966609725,0.0263242330761387,0.018726609029534293,0.02149305814573851,0.024197348964866413,0.0,0.028876618626336285,0.022807405512530163,0.016625758241350784,0.025758445807890537,37.610364803923055,26.962552460124897,24.088382767003132,12.495324803794237,13.28491254406366,24.704376915710437,49.45828295295906,0.018532237787356323,0.0017106401147324187,0.3690701723098755,0.055776141583919525,Submarine
4.81516135931614e-05,0.33043891337163,0.999999987639066,4815.273610486146,1268.3087345826507,5852.027696962117,4094.4960047958753,4060.9872221982237,6.70949494440864,69.067042717814,0.35815445855063666,1424.4948436315067,2669.5,-159.50566010563298,196.90911876437949,-61.796042480702226,71.39056384687773,28.60743075301473,5.364075878917294,21.9082452698949,-1.277570997612074,0.07184127506669426,-10.999480512786304,-8.715598266036208,-13.406908335896562,-14.885229018650264,14.676449655920774,8.546579473829425,10.100975980626645,4.419642325780497,3.259605220346538,2.8097060835121264,3.774240209477869,2.5296292081016283,2.803932393715623,2.708541978476749,2.2241091121085663,2.720440889003388,2.5221959994149072,0.14193130650629415,0.04752463721385826,0.12363597287573959,0.5099069192215194,1.0,0.5267874731607972,0.10445931927617345,0.11520326996799239,0.24095463042390422,0.04078675767348387,0.15018223941586378,0.42032079446067,0.02233056984548299,0.014114635797724264,0.02210271560870602,0.015402463926636028,0.0,0.028537370408526424,0.02859981161031726,0.019471429391693707,0.02041810895181468,0.02420579020186247,0.020894407594030613,0.0102460184779637,32.13242454680236,26.880051489878365,24.456186002566014,12.04540129063271,13.443564189263075,24.629971804027374,52.180516175313706,0.03245105962643678,0.0034974660154330336,0.324206680059433,0.04902886226773262,Submarine
-0.00028648055403629116,0.40698613236303716,0.9999999891943088,7304.626715705675,1094.3672069264503,6719.378320543756,5859.796690126054,5707.05539079671,6.889194793236878,85.18902118301993,0.24819807720232212,1215.7340546076844,2512.0,-163.85326053495086,183.61600926012426,-58.25672952110762,54.70290414731252,20.214352089873188,-14.787143758290417,7.0427663288238485,-13.51583115500245,-10.12353310575188,-11.026786697437922,-6.850631427780863,-2.6178109894569856,-4.7015282197569555,12.406523828719958,4.910483013769138,7.467428846766046,3.5053507879050225,3.750502011641711,2.897031533500803,2.218177125123165,2.474365924735274,2.270896499829089,2.1005307831681717,2.3943889031154666,2.4193866380590885,2.24817484641213,0.06022977638926205,0.13386141648371763,0.01819690748077395,0.071783685333161,0.28776519517421356,0.08221195492996032,0.028412868569325254,0.1416788530373599,0.5378789441208466,1.0,0.5586541592995669,0.13613645097601917,0.02011077414186974,0.015948274570535114,0.010917467712237013,0.013703071082058803,0.011212962072732282,0.018247962596621935,0.01733363741134274,0.016712895905452718,0.014838886432987367,0.0,0.02198148361744911,0.024354136982231506,34.41269894237863,30.191248085832484,25.291082340542935,12.507040029429236,13.774635057109009,24.400254168032127,50.42150667252448,0.014990795617816091,0.002091501306230485,0.3992493748664856,0.05997658893465996,Submarine
0.00028665536003490193,0.3478553088606078,0.9999999891515188,5336.249855054768,1307.445388398182,6972.680502446302,5042.731261801792,2799.47776618594,6.7717256396278795,72.73511674894048,0.4642180798612983,1610.4586439981535,2685.5,-164.11527053655595,191.29359357889214,-58.509489755776706,64.58454030746141,26.634286295749373,-2.4149997186319228,15.36684095825462,-8.16867185817197,-6.95567761805314,-14.374438446720342,-11.810545666322984,-11.106277604370296,-10.874491291947669,18.071347375200418,9.714514411328516,11.534731347638616,5.356841267036062,3.2930501691998106,2.7983542875105356,3.529053701178063,2.995097779436112,2.8076923099205144,2.9230883426736827,3.1003360686141,3.094788522909756,2.7577712063781328,0.11992238325739601,0.3617515694733786,0.10903161934465752,0.0554056894265068,0.13525613662622485,0.5217341769363834,1.0,0.47825590897231035,0.11224953575005012,0.10222726174780422,0.17823717867003083,0.02513253615458887,0.017605341672602446,0.016167370544070216,0.02610106218117348,0.015308879746532783,0.021433846154050418,0.014019460643606318,0.0,0.0227490018163414,0.0238711826527029,0.01832643076339022,0.02535697281721695,0.0184442400482861,34.93107101292657,26.944469675195197,24.826941717704333,12.002636014328322,13.586738957139215,24.671926265730335,50.55409597997708,0.01767914870689655,0.001654000766465896,0.3412860035896301,0.05162712559103966,Submarine
-0.0002960038457311715,0.40835474362255975,0.9999999893794442,7353.837475747954,1076.5105971825187,6731.575052502853,5915.066194111572,5707.795473867566,6.910242982693122,85.47566836026238,0.2517133031445085,1173.4561098136764,2482.0,-164.2558880024183,184.0401385027489,-58.65880132513604,54.43262257546717,19.32274073958217,-15.400696998714672,6.691582860035901,-13.499575356334105,-9.15692382841992,-10.356783311497896,-6.736084478668062,-2.7980184442571603,-5.056396350700083,11.95967900920585,5.578441659308413,6.468275360182657,3.9802868010125634,3.641438801064991,2.8637388330532927,2.564547345952586,2.4463507793614974,2.5215411069405542,2.8930154225863043,1.8962563744512244,2.489689239895648,2.782871667268042,0.058797328889336656,0.1365399542437605,0.01988578022188237,0.06711912127720197,0.28604791761431475,0.08523147137370023,0.026596799174817397,0.14053351637318634,0.5031295102182332,1.0,0.5906008167156563,0.13757479611401555,0.02083504765336576,0.01657633608112936,0.011049467799501469,0.01351032771575223,0.010926142843143928,0.018516740996918517,0.017597200375316424,0.01655538514450549,0.01814905314006077,0.0,0.020622018912370987,0.026249666374433076,34.52440145876903,31.51467977974216,25.110069071257595,12.472850334936853,13.54501479996955,24.891534265405582,50.474899863842445,0.013789735991379311,0.0023585824520116505,0.4005930721759796,0.06031199172139168,Submarine
0.0004767367694585415,0.4216473253411354,0.9999999883284998,7840.393216216878,1150.9390028262521,9699.784358687984,5716.8282629571395,3451.4267455390204,6.995967551602868,88.26924536426893,0.26288974031662204,1205.601494894563,2552.0,-165.16953506083308,170.7864699376717,-69.12425386684447,43.764111607014016,11.706204780899466,-21.212045757845623,2.876140701835518,-16.908407311658518,-13.019761023441882,-13.1431631193112,-9.149494394717726,-3.781193679421669,-4.3264784958912,12.611960051527618,7.134427624020343,8.558946778098571,4.947151900736089,4.400658356830159,3.3877328276835064,2.7900877519929885,3.653779750225019,2.3597770917621674,2.648282624755016,2.7230107778096393,2.9957920966120892,2.416390497358312,0.06642007098051159,0.13066425360586467,0.019294458813358423,0.07112975888955617,0.2663435329491452,0.08298356278292042,0.044672531660016904,0.12169580043487731,0.4278306917103811,1.0,0.4584418336358609,0.14044043643634924,0.016546714295283774,0.020464468780266348,0.012823765416365583,0.016274224867440772,0.01889590228199799,0.024757632369132525,0.016744326129227206,0.025288424979816898,0.0264086436620535,0.0,0.028892352447209425,0.023125255415225077,46.96941940812623,34.856929425951705,25.575169365587502,12.222042238744834,13.308967719998872,24.898429773162494,51.21194632058792,0.022303789511494254,0.0026158852737092225,0.41366541385650635,0.0625651627779007,Submarine
-0.000101824423887715,0.4135338137061569,0.9999999889343317,7541.550942193813,1142.4372237473258,8724.895656020557,4103.21041688421,3722.9739572167427,7.184526192815771,86.54440468621071,0.3187186887807739,1334.8402272970734,2541.5,-157.541008341997,184.45223014052988,-55.73808956094769,55.386248981450414,21.925744063971088,-13.764572315604566,7.162161033758765,-13.949977670848833,-11.656616270592382,-12.67619836039996,-9.164361294155032,-5.014399747437562,-6.552544693856927,13.508834323006274,5.552649421955897,10.040183230968399,3.0512782641909015,3.2737893664798823,3.3930591028295054,2.4484289598741187,2.8001691172749505,2.6627425075921933,2.667275397463704,2.622799225658334,2.382670261610942,2.937626411562839,0.05800247063224,0.13002485740542882,0.01890496247618973,0.07077491955965073,0.27283564221215295,0.08177156526145166,0.03594746164519335,0.11069437846088105,0.5252253160321835,1.0,0.5235878656542543,0.15567813893205779,0.022867898821947605,0.017668719124054287,0.010807872884505836,0.012349243801348688,0.01239026680133214,0.02100589984232581,0.01818582647497362,0.023187659576744533,0.017497004888795263,0.0,0.025430457009089934,0.022660972001093894,36.20905796404374,27.51893530479163,25.77310037743716,12.31851657211161,13.69290912219519,24.425427296419556,53.05948082806621,0.018902658045977013,0.002688640139496482,0.40572741627693176,0.061243366450071335,Submarine
-0.0002663045922238678,0.3204943807240976,0.9999999882295163,4529.807307629168,1250.041847274861,4273.432342584807,4233.062056625251,3940.1458290867995,6.7063111482063045,66.96891686071142,0.314356734161851,1398.1250204686419,2666.0,-161.06190712058486,192.9265170977789,-61.766684850989115,70.10581131812974,30.106216670278926,6.45789034951851,25.676744376989543,3.2597194079925775,4.04282655277601,-6.087805189556243,-4.807637573467641,-10.327195284644693,-13.51178810604697,14.151271442885191,8.085995306038791,8.518546667456741,4.548446795074221,3.861681029901011,2.738986409356183,2.732956568596355,2.9602532776241306,3.6883699606559555,1.986684576012633,2.7073717147791676,2.0363966446935717,2.678937053869606,0.16754839676533473,0.03687935884386505,0.13378432138773635,0.4628170064558254,1.0,0.4240748842190316,0.11464887174513479,0.11743723298539739,0.2375027161630638,0.039959866216060035,0.1592057745555746,0.44524795672589496,0.02966740110906602,0.01821228585249895,0.017614943915297058,0.022802496394855973,0.0,0.03692710016431055,0.02235027362774546,0.01733926183102214,0.01966513605852464,0.020136997088734555,0.01804219533439188,0.017375368735499892,31.940957574276403,24.188917384273726,25.290794352508936,12.709591307297607,13.822531650532317,24.563634113661557,51.43311353465233,0.03351742097701149,0.0037016335842902557,0.31428611278533936,0.04733048751950264,Submarine
0.00014420414856387772,0.32069422365223055,0.9999999881826975,4535.455939252581,1190.86222241003,4476.685331428865,4125.5581362629055,3858.662224390243,6.612022347216136,67.02042984626961,0.2779846956033846,1225.313988583474,2608.5,-162.1796985451382,196.01276183798865,-63.393489320141896,70.87177575534486,28.73646358671689,5.726084722952002,23.75621842986028,0.70457551061186,2.40532749569255,-9.158170906050811,-7.565102116607319,-11.713217633478722,-13.070415940357938,12.502184074957242,3.702585732954672,5.065821153819766,3.1993557427714494,3.5354270322704178,3.04631073889156,3.601653253596437,2.4691744302822336,3.274473119283257,2.465042079381678,2.6823480958706574,2.75794903550643,2.1651259045483484,0.19116994767075035,0.04198210301866485,0.11749843797387843,0.3788753025869328,1.0,0.5316320254091944,0.1317321698291383,0.09714385757681007,0.24312732162768455,0.051577721705913265,0.13770591526688394,0.44208223698361504,0.02455915723681155,0.020244880265215547,0.02439446070221065,0.033987645794464436,0.0,0.03739453272950724,0.029510736326168668,0.02355358273644425,0.023752898544997778,0.025073563345289387,0.020800147645982443,0.011218080143216331,31.777410280245796,24.696840920645364,24.54174146806626,12.28496659118798,13.99185847821923,24.815689107626316,52.205561442344354,0.034566945043103446,0.00433907852004389,0.31467390060424805,0.04759332910180092,Submarine
-0.00030944470926600056,0.33700867735282714,0.9999999874437544,5008.655046590435,1249.7034822958826,6237.894267783221,3981.98556237367,3879.080176044378,6.847487011384733,70.43984093376784,0.3366472486320666,1365.1521331367924,2659.5,-156.82040304450805,194.9699010004285,-61.54661317631909,70.77080499064857,28.417413482164026,4.398028699988413,22.973651745060778,1.460495288991965,2.8121203176678424,-8.372350779552068,-6.2739280031567,-10.486713882810035,-12.753323831147927,13.480888330009757,6.716191854006785,9.376056031418862,4.257279249878658,3.3581273854242606,2.6748550935887834,3.566387067397467,2.9114890522545758,3.286943642959881,2.5203358470869657,2.4943376732639733,2.4431269958561095,2.6214816359980255,0.19058939593795085,0.04084402434292652,0.11913608434552125,0.38460822732625854,1.0,0.514492115931599,0.12937207923554697,0.09931318194610415,0.24389191754741935,0.049393249800205624,0.1412316395463453,0.44545993563788605,0.028789056713934297,0.018043642572650197,0.019645982821819136,0.028372171566516828,0.0,0.03625440014426953,0.025343777813146184,0.018590175552673286,0.023157435941323926,0.025543802492331992,0.02441957930098248,0.021713757717360692,31.773910196943845,24.993738574660988,24.408157483955833,12.292530356767525,13.982262160452398,24.67611156494234,53.41348690070502,0.03467919360632184,0.003865329433088268,0.330637127161026,0.04992113262414932,Submarine
0.00010435079286899895,0.3520794707308051,0.9999999887465316,5466.634438823478,1189.2410994554841,6437.969007089795,4002.179843227183,3726.271968862557,6.639354263081415,73.6379921898713,0.31039790675703005,1348.3244361582379,2609.0,-163.21425022565353,194.8413379093534,-58.54959109728854,69.22754160669136,27.354165464906536,-0.3021637365529496,16.879376239157164,-6.488757238439231,-5.017145675116174,-13.741522207625527,-11.29140726503746,-12.48878470674569,-10.600899905001748,13.619211969576837,6.512591707265142,9.156427805756937,3.983830788245251,3.173610058979993,3.0513386882115667,3.4369696311959763,3.000157549446702,2.6337356460997015,2.880590284914488,2.153289796991258,2.3414233303437237,2.8354465314181256,0.09976367315727239,0.3814552695569166,0.14825711717950266,0.0424708615929356,0.13490446645034454,0.38818875177596246,1.0,0.5759535497180427,0.15197030242358986,0.08515156530972137,0.2001508528373606,0.038862504193396985,0.01852799461857917,0.012354898974864161,0.025873349871345524,0.018843616262832624,0.020258879641698677,0.03239940285001917,0.0,0.027888883791388867,0.027688143720213783,0.025967203744711096,0.02159597215249431,0.0193836308099467,32.319138544445444,25.122943315809927,24.21190164818155,12.571534641912923,13.825655021723795,24.767875835676254,51.27217568822489,0.017314340876436782,0.0017949068235239196,0.34553906321525574,0.051967427134513855,Submarine
-9.989423563437256e-05,0.39356538516411765,0.9999999900256373,6830.813156880323,1221.4282505643362,7684.714782479053,4795.32174103606,4512.0409800825455,6.752682289222101,82.37241575437555,0.4088452147576122,1554.9226096035188,2603.0,-175.64650797585443,171.22281080825329,-68.97971104689522,41.29696509163474,7.588545542435623,-26.80064677878802,-4.302894495976555,-23.580491426051964,-18.77365790773906,-17.110826180230237,-11.182989404188588,-6.155297341008126,-7.77189893414763,18.522845206308425,7.815234574244604,13.763908182881025,4.274499612060728,4.258445991902686,4.724341486279307,2.1894206616296645,4.877857662075108,2.9021016982868915,3.746826020541091,3.2875671231329977,2.7017811008084274,2.3989518382754342,0.12488515158486913,0.050374999684710944,0.10987036280380756,0.014998717853417968,0.06187508407449801,0.23549288680614178,0.06203727200125602,0.03223458913213181,0.12131044505446596,0.4261959478709095,1.0,0.4408728750837669,0.027823674338850933,0.018309151008387883,0.0176795140969505,0.011532488307742022,0.016301255637182446,0.016702549593418468,0.018741857104900145,0.013423855892388502,0.02128771348300929,0.02326278932302747,0.0,0.034729566390840336,46.47979281435473,32.70491059994383,25.82544314250098,12.258159382257857,13.88674431608223,24.573064513270587,52.710077303363,0.011774874281609195,0.0012419581973710245,0.38607463240623474,0.057815954089164734,Submarine
0.00012472049126351903,0.3620928708396094,0.999999988503218,5782.006683661929,1273.8472076888515,7663.086744349878,5741.395999091693,3721.318409756139,5.898794775701651,75.81036597871311,0.2563226246166741,1240.258216301684,2669.5,-166.0428914323224,185.74516800056205,-64.08981665913088,57.24336854942137,19.802631585999936,-11.01778812104411,8.73062841370078,-13.019283884203583,-10.572901783422008,-16.776976082372624,-13.985060309824217,-12.522689274607231,-12.174972415455601,12.331461224622183,4.890652574447529,6.959627530846843,3.4812679696042728,3.7016434176454323,3.2075722646834133,2.902113640436373,3.0743389841124444,2.928266662783113,2.8758625350017186,2.399225501988006,2.8765652915584803,2.7580195230803293,0.02493091508814378,0.10456412017472008,0.32061080979626094,0.10137034155832719,0.05209739668935321,0.11689951545139182,0.4418480368259506,1.0,0.42918380653630755,0.12879903759238018,0.09395375472749924,0.16604168609518563,0.020147295791452538,0.02300012535723546,0.016275163191468975,0.024642564269071434,0.017468886173393462,0.026659750851769477,0.031566255831894645,0.0,0.036253120227911946,0.032162457063125795,0.02313514735862787,0.024636968715302323,41.903541104435874,29.777773594778566,24.07869409124244,12.289407201249581,13.769734369974465,24.63851212452336,52.70046648084048,0.017774559985632182,0.0015660384355166124,0.3553345501422882,0.05356922373175621,Submarine
0.00032934887289702417,0.33002081002794537,0.9999999891160598,4803.100499328196,1291.7844034578295,6229.952977492982,5637.670149271497,3612.8411374209923,6.016325393457281,69.04280636993127,0.29625475411719704,1346.6475419680155,2680.5,-166.80025690459715,192.58567243466365,-62.283574151534864,66.63519511230369,26.366560238776515,0.02980093335947163,18.193241077866094,-5.063493468974619,-2.740200155153009,-10.430986098396131,-8.089933089548467,-10.33485169097304,-10.899292185682953,13.483186806365527,5.705821945350575,9.759695387457944,3.9936430660218356,3.1304567404063572,2.6214969904895575,3.388555449093251,2.4463690107904497,2.577720698613755,2.6903217306610023,2.714825297570912,2.9563178017254588,3.1984600912121803,0.14539416883588518,0.38319640640875996,0.11210288083741478,0.04176588018075894,0.139547894944182,0.5965026558715492,1.0,0.430318256906756,0.12981795472867114,0.11950887565318224,0.19502172915258295,0.02751737213688816,0.022063015610835207,0.014194233614233364,0.028360486532163137,0.01849402806398002,0.022421341513732103,0.014986275370623817,0.0,0.026371095368885784,0.015892846146157134,0.01589452231095382,0.025641114789958626,0.021048179465901595,32.52722768146727,28.083136457531058,23.94658257053725,12.466254040244506,13.75879350674977,24.67276056711209,50.02477945468382,0.016837284482758622,0.001423787961631078,0.3238326907157898,0.048982713371515274,Submarine
-1.6884582478510754e-05,0.3930242339123442,0.9999999900646585,6812.040948881613,1153.9688550616427,9274.012124504241,4597.5082791458235,2493.24835010453,6.5083655559311,82.27807811898198,0.290909335553401,1324.285351145963,2523.5,-174.6221573897761,174.42047222916742,-65.84365107625352,43.09283844060783,10.129339348465352,-25.56425993564519,-3.13029278300701,-22.434691679655895,-17.08010259392358,-14.778966437534812,-10.875281684053636,-6.057260003937927,-7.638770376229184,14.60428566642539,5.631655474720313,11.85934404062299,3.911894381641855,4.531141469356,3.63427146048349,2.8234797625622945,4.167615263815242,2.797078858632184,3.29047236067675,3.346335215839295,2.1310096937472873,2.9232650375699047,0.14032847192812675,0.045406149993965174,0.11176483019749428,0.017491333259461873,0.050416427683588054,0.23409856625463712,0.07482087268308703,0.030262872142506694,0.10756287167667535,0.39994721061376093,1.0,0.47979601204855893,0.030071496248279737,0.02078303559169603,0.017500426787334544,0.012478141358319693,0.01626093403050487,0.015799786209845228,0.019851481267132123,0.016046103933485996,0.026502299308312844,0.02897633469635192,0.0,0.03373411856720576,43.81857455596953,30.6686785079363,25.501638310226053,12.401620811130593,13.573063910925905,24.561826293474223,52.301495953947914,0.011269755747126436,0.0010784919994998154,0.3856991231441498,0.05782069265842438,Submarine
0.00038048554904477217,0.42112356878140117,0.9999999886035881,7820.923538402452,1289.0495822044943,9481.980198494159,5135.310228055459,2684.826554894858,7.459726279658873,88.12083978097206,0.522027750834761,1622.2164607041627,2663.0,-159.58059186420863,175.26459879518896,-62.770855584319044,48.0287267771893,15.921962151269392,-18.389104974416387,3.4841311925874234,-16.65461739458902,-13.212247600797028,-13.694926748691115,-10.048000163670826,-5.149585693773406,-5.427511601064802,18.624804624193846,8.47381496973952,12.788328009641527,3.9210270971301453,3.2260762490514683,4.090890161773333,2.890766465698415,4.000128849999196,2.6975812415209965,3.170636030800675,2.575774247926943,2.184193405851173,2.605277188937327,0.06323435969760138,0.13282706513439027,0.021118687994810044,0.06175572011904181,0.2645515881268504,0.09262960926909453,0.04223522714294299,0.11287132438203736,0.41216796163315866,1.0,0.48368286269500965,0.15132500212295982,0.018989798212125354,0.022842205661907998,0.013117968920211996,0.01489576793577595,0.017549329739574102,0.025191095492270447,0.016822248492127007,0.023023272330771772,0.021948182730969344,0.0,0.03247819377802915,0.025364728781481702,43.53502906239608,31.405075117046106,24.914526054539383,12.51550935632359,13.680886366683103,24.450081143283278,51.66220360179598,0.022062455100574713,0.0025608667758712576,0.413157194852829,0.06249062716960907,Submarine
-7.183524418776175e-05,0.32584917314869505,0.9999999878701011,4682.4360761677835,1357.0128505665487,4779.429556454003,4769.094674975925,3242.764136214907,6.914723163774111,68.07806478675634,0.4716264551411864,1618.0708228971735,2756.0,-158.7127639699158,195.30147197995507,-62.309435847917705,70.50937989561548,28.522958222379653,4.510378935581976,22.847989573658406,0.10999904359027633,1.1924742597360467,-8.987817980475217,-7.269377103395007,-12.194259255344276,-13.502618164714095,17.581022988445582,10.266342533303899,10.704494561353473,6.065413630734574,3.2229260201454033,2.7832499026701907,4.122612350771444,2.790022003125504,3.4087994891892928,2.1532198225152186,2.011747872640776,2.3294266646072845,3.0969000452463487,0.19390376955046168,0.04311896652945015,0.11360251729259237,0.3711888637871431,1.0,0.555807350151708,0.13341354223077925,0.09447559092957387,0.24619505086252477,0.05424985313262813,0.13176579294507146,0.4411334164499324,0.03175374811932187,0.020222237788681926,0.0182551850537072,0.02144750497613997,0.0,0.034175065707912254,0.026429565183146594,0.022635868739095465,0.02518234307060175,0.0231105788451408,0.017893897954800286,0.01421444944404951,32.33407588268484,25.921459321367717,24.36595191572388,12.313028081928843,13.53839675536675,24.790108235385027,52.885452461791026,0.03509451329022988,0.003911020876029172,0.31956246495246887,0.04818788543343544,Submarine
-0.0001037219383802684,0.34794169271542086,0.9999999889643346,5338.897363896958,1230.6664924521297,5547.6702620936485,5354.589104167424,3687.892046276515,6.635227665115642,72.76586831432029,0.35450468986556727,1439.3374087179068,2650.5,-162.41334822504766,195.37275600996955,-58.43839443441296,67.53924913327647,26.214663129496394,-1.0899647694753096,17.1453416150996,-6.625079240097537,-6.2619264179701055,-14.443636966934795,-10.823997660154262,-11.219228360342417,-10.87560591867542,14.591017237590266,8.211035148526753,10.389820906596562,4.8317388845466525,3.593739501992425,3.009341259872637,3.7340187802486398,2.8155402857903145,2.839190885733405,2.6312769430796603,2.8262646841853587,3.172983202783518,2.8283743563296926,0.09224673832585048,0.3730648740963145,0.1510862364486648,0.043223870519955326,0.13162619344687268,0.3757893022170345,1.0,0.6161503362279305,0.15456050581653985,0.08248749423228277,0.20213818698819822,0.04255766409017495,0.019242961008662463,0.012047885596035531,0.021574359557754726,0.013738425652251337,0.012884936671163968,0.022819847799254916,0.0,0.025509701578654977,0.027368745653591202,0.023403424344436874,0.020554058256001758,0.018921943003672618,32.53905342388737,26.79821463789042,24.36041683121965,12.523787426699263,13.769927640766106,24.684930259250482,52.190535702060025,0.01766231142241379,0.0016121644940174872,0.34142056107521057,0.05121181532740593,Submarine
0.00017726568748305127,0.36328353137956304,0.9999999888878225,5820.09554172759,1318.0246699771888,7447.63907761872,4593.032921644124,2769.5200182027406,6.8521929965531765,75.98121067629756,0.505943247565591,1658.4399291507204,2703.0,-161.78014117372734,187.78447293988557,-57.56732074622243,59.18207139134727,23.327495747510454,-8.811225035231656,10.954446185876789,-11.774235210022525,-10.493891033325447,-15.418511047201248,-12.95169884835457,-10.922333735042152,-11.158022895657176,18.276466362201383,9.18805957691949,11.412916019227717,5.183992765087189,2.6233355408167487,3.361765240538798,2.825303949253503,2.801830617749776,2.3892314283867404,2.9880067958590963,2.6342029672637137,3.226138971133363,4.2092673669555065,0.03309352346461622,0.0658140459705813,0.31819172316570965,0.14555516773492946,0.04412649900542058,0.09894011085594513,0.39032687649958625,1.0,0.5361803498410469,0.1642628291169535,0.08054853709092397,0.17081633472677205,0.018217316962983357,0.016280085278399147,0.01822758479899672,0.02953328170466743,0.019017523377949406,0.018435105921989405,0.017397114094649405,0.0,0.03402332076875213,0.02917482591627618,0.02242448977021546,0.02773561338251752,37.31055216027095,26.541279762165594,23.310752552237886,12.016379064531419,13.862659550591212,24.35462558662232,52.311656437503764,0.018616424209770114,0.0016199610599208383,0.35635778307914734,0.05374579504132271,Submarine
-8.295821485381304e-06,0.13439849755016733,0.9999999895260424,796.576368974028,3779.5152489687844,209.5339209351048,204.32333246628895,199.85120475765365,19.14981058855334,20.73309253926358,15.329996212382522,2475.3382058695865,6876.5,-39.472919056102015,24.83242776389605,-45.770920069353004,23.039200367662353,-41.303228200823405,22.912453058381967,-35.13266159435219,17.582785121675517,-30.91526650761473,13.981218868518853,-24.90371695030936,7.530976302735268,-21.403689564203336,6.465330111535939,3.470223194939509,4.350434356678028,5.075660838430599,4.767392461411716,5.161785321115316,4.559946199982107,5.423090137614414,5.8543367976266785,4.841930518835723,3.8697764600213507,5.200589555088555,4.566189688183296,0.6103144148391754,0.5822841034359196,0.567740783588206,0.6037693793499618,0.6495949872825145,0.6800179145410585,0.7000226342216324,0.7140374978394951,0.7413757624017059,0.7135407068521072,0.6690468022759918,0.6482280953294458,0.3101121156193093,0.28837157300115607,0.28312298592568874,0.3095503456291796,0.2964070248794206,0.31748735266887773,0.30666837714719536,0.31917491188491237,0.33654383292154366,0.3271134606409899,0.3274107167873729,0.3486763181487012,35.79239191420158,10.21221118510164,12.334003517081848,14.268958815280255,13.873720688254064,13.624370803506746,69.65001511218315,0.36803497665229884,0.04005688550567341,0.12545284628868103,0.04565870761871338,Fish
-3.0550466137598046e-06,0.13496844180021386,0.9999999894109894,803.3467808468163,3651.6930587066026,229.31219828797902,226.17840202503788,217.50224454329614,18.046608216525023,21.855587686038376,13.949928028208923,2462.954055514523,6808.5,-49.93472237669339,25.365347200950165,-45.523645947399636,23.272519514945994,-39.41461796212852,23.395170581810802,-35.416343431993496,16.081252354046395,-30.295589727938243,13.97556388259005,-25.211767206907854,8.08903547745198,-20.219718466055614,6.986497568128852,4.678041053189927,6.384890037086557,6.016323179193572,6.134390169217847,5.60136389372408,6.1047496026835155,5.275622082693135,5.068236704716079,6.1439088862288544,5.194171772203011,4.684714765577855,5.679221636811451,0.5517576327907805,0.5630343482017413,0.5730010282873753,0.5235843962038593,0.5655863283138383,0.5636119992958583,0.5661323257111945,0.6394963911381922,0.7278785931691522,0.6357226922426676,0.6200594570604082,0.5832858485569685,0.33357676767546157,0.32794848826195916,0.33400893887071176,0.31913642393124464,0.3451919819647268,0.35674795348496524,0.3739808193768651,0.32603336690770646,0.3360937886598003,0.3578384932119016,0.3704137734787996,0.35101649746884556,35.686223678081234,10.15470401107954,12.213849298881685,14.591733864438353,14.87340551223017,13.489650062182047,69.49081943061168,0.3627592941810345,0.046187984862040204,0.12353605777025223,0.05221591889858246,Fish
9.743986022496987e-07,0.11260398589819128,0.9999999900836105,559.1729019729295,3590.436870542399,169.6283026137964,166.15132265196692,164.50426362677,14.528832705390261,18.657060921357118,10.692197313086975,2413.8163273993923,6723.5,-76.43280221264413,24.0732310954008,-48.280622784779204,23.0389242457864,-37.75222664561296,25.391048562745922,-35.7234342513987,16.284482506629132,-30.74181683054149,13.647262643407108,-26.0548682881615,7.707590192263681,-19.66369591817948,7.8498019107601404,3.493556515529425,6.931943999462677,6.745014047914233,4.599304502130457,5.745997869640821,6.2479029205843535,3.93089923043495,5.225766121238624,5.972441045237775,4.204132618772983,5.8642824236924715,4.368056899815835,0.5593732559406608,0.5380042670340466,0.5139348473067807,0.5815386420589654,0.6137790713796264,0.5732145596637733,0.5935410331571377,0.6634703746583158,0.6691105571050343,0.7052688911744408,0.6957914635886262,0.6316214359539352,0.3194170221347795,0.3131915594046976,0.2930803622840906,0.2958547739062418,0.3161182389610676,0.3518868386011258,0.3362771691658293,0.34167505090218864,0.3468510364568574,0.3304091528089798,0.31899449912,0.35072694025064177,34.79997185877904,9.915107876523289,11.746052873079734,14.514741507436623,15.163424432882397,13.526806306089961,69.4147391637022,0.3613169001436782,0.048755107548641076,0.1003074198961258,0.049622293561697006,Fish
1.0046277240393003e-05,0.12391599854305466,0.9999999895879552,677.1632084969855,3638.5610806022632,214.7980929761554,208.26706792645584,207.59120448657234,16.547125079771604,20.083721381460542,12.678359953255923,2475.795590656175,6789.0,-58.87777127153769,25.871845094478562,-44.52943723125581,23.93151287419668,-40.44896344572551,22.62448526128239,-35.90405426354223,17.89527516289124,-30.099472365673424,13.492350308003331,-25.166647718729607,7.217785275992749,-20.975079700386082,8.246668977426584,4.062925811954464,5.402217079660018,5.731317378478112,5.553070055835025,5.1216755594782555,4.149714680142498,4.305467734315104,5.602075633196983,4.300119573879439,5.959015497566575,5.768203902065696,4.995227581210944,0.6278788319923041,0.5927302449704203,0.5852724219016134,0.5816275758355695,0.6211349034286552,0.6470387850938983,0.664251445836414,0.7009515945992316,0.7100096103812074,0.7398581846701486,0.678361721797322,0.6840188428632329,0.3118833533354506,0.31188630912802173,0.3246302419367634,0.3156402025738977,0.30766335835701675,0.318650038316489,0.3291352808580516,0.3231506695450272,0.3011866601135379,0.2901884182565693,0.30354960266414777,0.3098113213333666,36.70135495215967,10.343554537544836,12.372077235095132,14.053064615367646,14.73559385147186,13.254923170775182,69.78759701916765,0.362652658045977,0.050469771393270496,0.10979194939136505,0.055772099643945694,Fish
-2.2654380607411267e-06,0.13108034887652512,0.9999999898000175,757.7287519225174,3723.4093687877803,173.07583161698406,164.66513602306125,162.32844960264651,18.976990061837245,19.939974932253385,15.078688161314188,2471.340685818503,6853.0,-43.30695376327001,24.980280662541976,-46.65061685503395,23.104525207812237,-40.055298731606136,23.779809666610152,-36.00668710595498,16.899314587556567,-31.857887129099822,13.991667310874705,-25.576621822868432,7.380821009002098,-22.01612761660481,7.354777198360066,4.597549363400496,5.623931211697416,6.19254046864441,5.8693825541914615,4.128916188806121,5.075231673590531,5.818023201590669,5.121998659431007,5.314640301085892,4.144210764815744,4.736277489026562,4.4983192480139165,0.6015027601582337,0.5490922243882486,0.6094721332261885,0.5798206935204684,0.5823615352868138,0.6411389233926021,0.645028276109379,0.6924855083394845,0.7377664327436607,0.7115091485000495,0.7159116049327388,0.6706044525316329,0.30481236106727894,0.28249571714355964,0.31197023778239563,0.29171016887782536,0.287999923744043,0.3248321703688335,0.3289047772325079,0.32671164382572165,0.33041146960110074,0.30123547709127213,0.31661087435795765,0.3099824921303803,36.435145738092366,10.175038048882946,12.455794434440428,13.55669027692124,14.489998318309667,13.398411995593806,69.98840268967928,0.36791711566091956,0.04417642780225441,0.12210492789745331,0.04522696137428284,Fish
5.678785135676508e-07,0.08853135295350714,0.99999999043803,345.6470001140516,3740.8792295600874,150.98926231773146,144.37066141144103,131.58867521852144,12.811615623583272,13.4725463531279,10.43335305532794,2479.9133826859675,6850.5,-78.98229082421624,25.925328286157857,-47.863665983756356,21.59311941454258,-40.6853696014146,26.18772899820338,-33.85501091290462,16.858465696342325,-33.441311432216416,12.704061874075235,-24.535696382036118,9.40653022862424,-22.277272426462286,8.755416645186557,4.141244859779565,5.908964602701396,6.146617289320257,4.766034689636672,6.66861577900782,6.0785554263839705,6.016201689043712,7.263975458436623,6.392370081650292,5.399242558392408,7.506678191973599,6.060337027635226,0.5223222789602073,0.5310519496480997,0.5583836332905779,0.5572808139266636,0.6282858336264279,0.6390791327990205,0.63848523848144,0.5886020501288396,0.5988056171979683,0.6311657142109653,0.5863792379901439,0.5528513700960626,0.3402223619653608,0.32112304794919744,0.33140939063049474,0.32038092135587204,0.3313699041313059,0.30977843256175497,0.3351928729213183,0.3602541714586448,0.3542593542146208,0.35056579591101006,0.3359215566562485,0.35733007172116144,35.933581535787376,10.178308779409209,12.154968443257015,14.9589691947268,13.720599570906206,13.833051126002358,69.96970752782624,0.36613797593390807,0.035674274607200476,0.08420395851135254,0.025357522070407867,Fish
5.407407059273774e-06,0.11137027053597315,0.9999999906341115,546.9871700126693,3806.468092698242,169.9230094410329,156.592633728899,155.16520403948186,16.416581585529634,16.657821596639234,13.511645192206132,2502.4485038548632,6920.0,-51.293667495025154,26.827925543734512,-46.0357052616079,22.757867971955413,-42.80569018218966,24.235205588721136,-33.41355964697358,20.36161272118896,-30.715632970035653,11.943991986205104,-28.537266094252924,7.203193154996647,-21.685525987641494,7.751775400623428,5.039292288131482,4.926901513241353,6.766969105779417,5.788447914711943,4.693288887229196,5.1058961638582065,5.963405665111016,6.5319223012885494,5.281862924338155,4.73910894279516,6.106945298865371,4.674237870407981,0.6124125135335556,0.5817229173291668,0.5816364843808866,0.611746666045049,0.5741638484790174,0.595504867134503,0.6560817193124416,0.6576814667271507,0.6913254160048371,0.7424903554814699,0.7115955284389818,0.6368642554443534,0.27831769757866365,0.2954654731409109,0.292881447863041,0.30382983394734725,0.2977591710485193,0.3323188417449787,0.34392530924863446,0.33203863461616145,0.3060941432189919,0.3119324580216848,0.3100890238729413,0.2653137896480862,36.45410598396257,9.965697611653585,11.743121072393969,14.348362310025914,13.379208646388937,13.602652678601773,69.65950502929022,0.37062230603448276,0.037915922261628134,0.10630951076745987,0.03047235496342182,Fish
1.1760308302183646e-05,0.15965581409563198,0.9999999876825217,1124.1080788764136,3645.5913376842386,276.6449870146287,270.8058434642009,270.0938351232676,21.58557179150454,25.65484701588334,16.50781163919536,2461.0189319193278,6778.0,-32.2645850243805,26.204941712981963,-46.03332667383765,22.278754003625153,-41.16397012509315,24.31041111363202,-34.9556375666433,17.836322816882547,-30.302268710715097,12.912273744782945,-26.714449937315983,7.1649194465282715,-20.214406953523046,8.125924128785948,4.2309615905919555,5.553534611447274,7.868076535960466,5.599559530537237,4.909990978182195,6.315807368237291,5.695103524925092,4.9895426485270296,5.873467642710248,4.439525854135728,6.073947244946923,5.305982692596211,0.5708688011233116,0.5193658075522862,0.527561320107151,0.5631476943457896,0.5058050001980048,0.5393467249246263,0.5581338247114969,0.5989536570974611,0.6652325437045964,0.6292972010556785,0.6588998780882452,0.6415890997514787,0.3163287979853584,0.32559468480114867,0.2938434826232761,0.3239603774961185,0.3066432642752511,0.3587333593589761,0.35436880033202306,0.3497115853868224,0.34523481703017345,0.3451405521842835,0.35950871053649197,0.3418498050437614,35.30564623743368,9.440917691284628,12.191504486684263,13.878024787125518,14.801904129242425,13.4608830652412,70.2093116051665,0.36059289691091956,0.04292426592761141,0.1473499834537506,0.05874737352132797,Fish
1.500444763591753e-06,0.11788198997494222,0.9999999897943521,612.8208131152338,3824.567874482206,174.3454353765637,161.5579242451272,148.42587648766673,17.244942050531858,17.760427553490292,14.125526925794748,2461.265841298187,6911.5,-48.952741960528414,25.7361468392692,-45.82938847200228,24.362743963805833,-40.40846990785524,24.775294138437694,-36.54034486582001,16.831627710196106,-31.25888839267042,14.00130660944495,-26.898753681003402,7.362969958052445,-21.206449561374235,7.503515880009064,4.142153943458338,4.340600286767581,5.322753752093751,6.205003382344997,4.49778530458614,5.955745450845568,5.738572471473774,3.9520564498882074,4.882782424000593,4.871611721949053,3.7399233521863584,4.351422864376531,0.6011970794567618,0.5638981568917583,0.5766755956324969,0.577532700399305,0.5921585123096694,0.5982637575641978,0.5991703718546465,0.6906712749604897,0.7296287609456037,0.7292488951166826,0.7479285016609082,0.6630789965947451,0.3070783969817108,0.2656482710437251,0.29030587429300836,0.3189980005066336,0.33547566610028706,0.33625494538564177,0.31253209726464853,0.31769961071082353,0.2868127567862557,0.3092454207967392,0.33079755677355904,0.30162700194515596,36.706529833880566,9.85184581802098,11.587671793444178,13.702403815524242,14.457428711112238,13.412996672757078,70.04078358805857,0.37372036637931033,0.038352190174705925,0.11081386357545853,0.03781896084547043,Fish
-1.2202625939846761e-05,0.11120374763251108,0.9999999908114668,545.3526673660908,3830.850282375227,248.56884185847554,232.46762985212757,224.82017130771254,15.81737754076972,17.180315526757777,12.938212389104592,2460.985108550106,6895.0,-56.547988584395256,25.08425751014273,-45.35530163137259,23.71791837316068,-39.394161150694984,24.758077561778716,-34.87919458671847,17.112747826379056,-30.54515530724221,13.526762001507526,-24.451488315487985,8.009672421447982,-21.501784454814853,7.4542948868607635,4.110287637521527,5.819053406885857,5.414786825310433,5.361151539459484,5.358530864702081,4.067706819417966,6.012431092532573,5.116508181253712,4.7336765944223504,6.314482876776987,5.242485433254098,4.703569283693711,0.589034756745798,0.6049542702900419,0.6144638639100145,0.6047868835559944,0.6776936549574601,0.7667924674704503,0.7110078849873652,0.6671015262951493,0.6778521798712162,0.7254642473423901,0.6952216240000908,0.6369394640603608,0.30476044623421045,0.29990636024462325,0.2974719755118088,0.3104966419049119,0.2807616754082428,0.26761262535479907,0.30381048701071994,0.3349299376555197,0.3125531492312849,0.27875907370828384,0.28541585851474444,0.2923702199154887,34.85270992925881,9.682044595719617,11.620808841407712,13.90970733318198,13.741818214088758,13.34844005989197,69.57441321625038,0.37429283405172414,0.04181880745495329,0.10258360207080841,0.04094580188393593,Fish
8.477557335165864e-06,0.09709447637746867,0.9999999905530046,415.7455799963755,3887.5518372022593,188.63771888047327,186.177050359335,174.69159056318193,14.476869803762536,14.358475679889727,12.249896812892374,2493.7249776574185,6949.0,-61.40197528664408,26.955241702811424,-44.43870076456033,23.828209486967054,-42.688444225652205,22.530515753234475,-34.882138361824055,19.737675761176874,-30.43933520736252,12.007099306561706,-28.965396767444737,6.151007230041225,-21.1310881631286,8.678588446965291,5.522375400839712,4.12843657345663,7.2036449630531685,6.052187775481562,3.8241441107469263,5.903294290337822,5.908014353772128,5.770468549410301,4.891954111104831,6.055513189371497,6.054848499011616,4.055398252110248,0.6402115858532614,0.6021989644428544,0.5983551559993763,0.6368138976961192,0.6495854464882876,0.6694173439053897,0.6885732646938669,0.697623901506292,0.7514447707245252,0.7656513555524657,0.8098699868549813,0.7424723589146625,0.23246559067573658,0.24810717007997007,0.2572792519267776,0.28195188161738427,0.292875075144742,0.2956169619117235,0.305894894087304,0.2946280440621267,0.29072204997420437,0.24155026025665804,0.198971901721116,0.17035555722189194,35.9544012207959,10.03689855399249,12.41554359826639,13.973238518678345,13.57334890661332,13.427962291112637,69.94414850181327,0.37488213900862066,0.038692712294474005,0.09188122302293777,0.029166026040911674,Fish
-4.1423370763144165e-07,0.1063911688081069,0.9999999899499794,499.1714633032269,3606.065317306658,260.55387007147954,254.94268039465607,236.14057915719468,13.722870419838877,17.631060397251893,10.436799824630405,2479.94894064617,6776.5,-76.97925118687972,25.90149716391344,-46.20809313619145,21.594269751539237,-40.3565622266433,24.07355762140297,-35.15182202317849,15.467350910824212,-31.03017064032782,14.370105203590656,-24.50819192850591,5.2656300097532815,-24.54344467268029,8.963058497104063,4.953849761445908,5.541703970235671,7.12582412333457,5.7644683220707575,6.753291978958396,4.566554353443687,5.991918882780983,7.311119412123007,5.264919051848453,6.356193634615464,7.11248934988932,6.131274872706017,0.5282574330272622,0.48334101518976164,0.45445211548670617,0.47394675069203357,0.5614814287917382,0.5846858547527066,0.6706284687130804,0.6558332243649148,0.6659231316313204,0.6964150705540868,0.6320213981925444,0.5835177218969534,0.3471180337424961,0.3332381447788613,0.3149018000767753,0.3059811537099554,0.3396849161810335,0.33613852437424696,0.3321129928181254,0.31904364640538874,0.34017303807575267,0.3226508906431917,0.3499708908103198,0.365675432797696,35.63015345873872,10.808537933751063,12.0022789922258,14.850384412575355,14.240816203083503,13.319074174914764,69.93863588634792,0.3590831537356322,0.05270508140958144,0.09618818014860153,0.04308142885565758,Fish
-1.2281263533634965e-06,0.12724392465153472,0.999999989831965,714.0238215745078,3766.3513732819056,238.6595684041574,232.93491142897116,223.88101309085476,18.103926033052513,19.65379565958593,14.740020681524564,2459.4977338149424,6861.0,-44.68190492233822,25.94832228477403,-45.225144914348036,23.993482213064816,-39.125335171798525,23.14204329361398,-35.90239017170617,17.88448638937864,-29.924305915231677,12.612484458908877,-27.0226237038337,6.538891395155602,-20.641809624496023,7.637414913736611,4.456645312855272,4.289553061798984,6.1431531936339,6.088684335699827,4.073140717592881,5.669109444560742,5.773858409602904,4.750388023163725,5.733343892198001,5.269426504661216,4.802919589980695,5.481983145021122,0.5778013739688327,0.5446669638776136,0.562497180999572,0.5312909558790215,0.5448072266259372,0.5551093290531816,0.5922920226638039,0.6561932056585815,0.6395512395254304,0.6672850138479917,0.7198816108540674,0.6832712098980452,0.31029004137386706,0.2954644578554562,0.29492780131008656,0.3006523519777837,0.3409151588628552,0.3414700397879865,0.3341441686442366,0.34995113988350623,0.340118502611175,0.3454106788262521,0.3106243210198703,0.3289625297000768,36.23503684264321,10.043736915353625,11.739212524756677,13.980805584571655,14.604620498759177,13.39263779089983,69.86004690493034,0.36774874281609193,0.039714107188541604,0.11852357536554337,0.043858274817466736,Fish
-1.6058800886157483e-05,0.14452773587024004,0.9999999902784905,921.1725611905365,3562.2737018712696,282.0296848440557,275.4001468379787,275.07924553290326,18.581478741935015,23.997942001359142,13.965408943549887,2491.2402662853815,6766.0,-47.769127687081095,26.689578954030708,-45.826999823048894,20.32091804812307,-42.54972073947719,23.09438985013379,-32.288290070627255,19.746330560000004,-28.910202198003446,11.729119241660051,-28.057382802966178,7.098931342450777,-19.48335953145682,8.575029129124745,4.753152727391857,5.803743784171581,7.505792401622185,6.7587694945164705,5.0562876111012125,6.527214806783108,5.525666189491041,7.183878728953936,6.758165407816476,5.043421472245609,8.15026512153178,6.113764470331022,0.5051050990745921,0.5388632561667306,0.5622778952349415,0.522401370623219,0.5014946103966723,0.4674957269958222,0.48598352424039704,0.5056193894886436,0.5590058469326495,0.6714200625416836,0.6749401006140857,0.5494834275218614,0.34608429846709454,0.3203371062592633,0.3399864662653587,0.33040544006907807,0.3544740312864,0.3485459856590144,0.37248520740301244,0.38057811854666357,0.3686553904671106,0.3621675150157026,0.357740457686593,0.33923550307591993,35.519351006257935,10.303132081706943,11.66391010682319,15.280005404334688,14.072050581966009,13.394099846512319,69.6936380555915,0.35759024784482757,0.045349182907387646,0.1327228993177414,0.05492154136300087,Fish
-4.400152355025032e-06,0.12833719508055141,0.9999999889992865,726.346212628264,3769.807934094861,220.05635581380105,219.493627150879,213.94070148390676,18.120496281512075,19.94978265406619,14.585540721632984,2461.391382055622,6874.0,-45.07389286705071,24.991899220340514,-45.57071674587083,23.210367413051227,-39.66826746531084,23.451538970600254,-35.85536555531502,16.641137326538157,-28.872389874022865,14.014001532419568,-26.00013042180463,7.247981797773228,-20.484838266777828,8.01026719209448,4.742294606709682,4.98784964645769,5.376364689440756,6.044859723089128,4.950851845120804,5.007303654527804,5.892844063915083,5.646082098383659,5.38759518534195,6.189316730586755,5.508261651290353,5.076719635579606,0.5951556538217642,0.5728682451029827,0.5214232927505121,0.5304433504226711,0.5986059572905267,0.632091969924561,0.598191795190758,0.6208652737050968,0.6698144487392591,0.6851917619905263,0.7367884769800644,0.6700557711937832,0.33929066162609256,0.3376097521455419,0.31366314786657856,0.3210988652347532,0.33313868644832945,0.3326823838013587,0.3263441972019489,0.35343833587185675,0.3338131978791563,0.32142487926358737,0.29878590299420676,0.2934901968294326,36.22163058339822,9.34564884284298,12.11022589247022,13.766144026530888,14.602589161313322,13.583591805501111,69.64481061998038,0.36902276400862066,0.040162070828823344,0.11853641271591187,0.04693859443068504,Fish
-9.048575922656582e-06,0.11820493921939261,0.9999999895478958,616.183181234203,3872.6315007452845,160.51980962552577,147.623932629856,146.91296867772311,17.957826779508586,17.1376673456578,15.10927826313295,2507.175661611581,6948.5,-41.272410961575694,25.326578348949738,-44.614808009889046,23.85048331184748,-41.4330367788992,23.64799896202486,-34.23709755721392,18.56815520579814,-30.941465403790087,12.521439979776869,-25.830874017211013,8.206524841417137,-21.804589063608898,7.635777181233144,4.447209019359684,4.775847146872337,6.604429063575548,5.2995593906645215,5.1275629485310565,5.293392635945575,4.066887601940564,5.3194643807533035,5.158410423611946,4.6834475811215786,4.272519051696898,5.069829765656057,0.6513031557945465,0.6015023173233666,0.6651974880660738,0.6658429889191482,0.6786367582412351,0.6692448864720261,0.6906712243371393,0.7183470855241508,0.738908866781548,0.7524145294514952,0.7653889854856333,0.7272429729129812,0.3043701502906835,0.2603803718150037,0.2604911136382606,0.25709067894982535,0.28969697438292197,0.2735887513982888,0.26537771298193563,0.28996334565604487,0.2938697710524757,0.2921671527861926,0.31292454346610504,0.3149555215021918,36.10600680158214,9.702112478297662,12.048912202432946,13.91567461956905,13.32792739442247,13.331189168286135,69.63642361612554,0.37205347521551724,0.042464721891563806,0.11201274394989014,0.03509035333991051,Fish
-4.190945295220267e-06,0.1285480466957522,0.9999999897428988,728.7348744144073,3749.3920286022785,258.0130465327761,254.16747995656803,235.01335004964238,18.102689061261405,20.025671622648737,14.57696932273136,2464.0894588439005,6851.5,-45.33274892363687,26.056867895490562,-45.565147613274526,23.640573803368646,-41.45851117599946,21.697935961957885,-36.867414114187234,17.750393486506084,-29.20330736158108,13.252267105346924,-27.742121819629585,5.962732684909616,-21.25692054687244,8.397713758246606,5.0132801152186275,5.092472436379964,6.150584600636897,7.2200490555954735,4.33988795581108,5.9649667744333765,7.317660388242253,5.2847168997089256,4.566120618671776,5.963341662688157,6.317174180318727,3.979018261871878,0.5964639351703469,0.5274354847837959,0.5031094651985121,0.522200375656356,0.6000314278750366,0.6142531000700369,0.5843215625647332,0.6219067344439873,0.7141988989371499,0.6834336046032868,0.7273670440910559,0.6924815029986319,0.3270978313795791,0.33109944234959937,0.3131674953897173,0.3244351869967396,0.3530619812347694,0.36500222405654004,0.36443166722132525,0.3260745261046123,0.30678877564135837,0.30529780254126343,0.3256655731612014,0.30853958885914845,36.219534078697905,9.74013017484468,12.001703867992562,14.257519619771312,14.539755538196719,13.40279861602434,69.89478966924989,0.36820896192528735,0.03739697801449998,0.12084796279668808,0.04122989997267723,Fish
6.9903583675360315e-06,0.11394401933423999,0.9999999900308543,572.5608659589883,3891.501988686058,255.44598392899368,236.33959254041494,232.6163113813269,16.42830312711391,17.39746316086462,13.779815652655337,2475.2588654945216,6939.0,-50.59626257440691,24.267604136343312,-44.50418866126405,24.20135306712811,-39.66389744905822,22.78554607954374,-35.852791527191904,17.322179578441922,-29.93521018304784,12.716956485257462,-25.163562376703204,7.20236723336866,-21.082217596023966,6.127674843521263,4.426688480974446,4.614601443164161,4.603944680695072,4.59893968079527,4.024771404588658,3.580801689517163,5.522833982674966,4.578291461603019,4.829215170462695,4.29813074713819,3.65543028268489,4.596576863785799,0.6612583553968412,0.6172607552728183,0.6130856609825527,0.6116125758065,0.6577957209531655,0.6790706021509021,0.713636769335942,0.750746077076973,0.7145489892416773,0.7872334042250317,0.7275376018174831,0.6805266081270827,0.28188542701576197,0.2830220698477965,0.28636681207534376,0.2900205622994358,0.30738144155340763,0.2864986237867968,0.2664929523101308,0.2683356507328376,0.291197987700948,0.28415702655247316,0.27475947460878236,0.28163591042249847,36.26107128936054,9.979667475288567,12.034532156817994,13.678681362234164,14.036826451933647,13.491741185624972,69.4473053015959,0.37478111530172414,0.039452355271633606,0.10566399991512299,0.040444858372211456,Fish
4.146522953679118e-06,0.1202104777262107,0.9999999899481553,637.2696506809635,3838.953322977505,184.1415678972945,183.84938061624962,181.39477272624183,17.283570123807504,18.3996699749922,14.221130368070632,2511.795731900674,6929.0,-46.16166210431643,25.692781258426294,-44.84098136057611,23.623071993481684,-42.3618759873356,22.30819147215814,-35.20978568502902,19.60602195735847,-30.929772573922445,10.878611924463788,-28.004458448322996,8.726352416281056,-19.684478313500865,6.995983343465915,4.196658808794386,4.0352184616124225,5.824197099358095,4.800782880766004,3.591242004589763,4.4848687987191544,5.1310205206648485,4.61654894920333,4.737241721068703,4.855162187171222,4.94255879151815,5.072551146367175,0.7106005775581007,0.6731196092093845,0.6588004595493949,0.6665506819987695,0.6264289216058739,0.6000676306811499,0.653835424747031,0.6622392567368757,0.6614861135090299,0.6906312857209527,0.736102628803106,0.731086721790758,0.2810706614569293,0.26024136104262635,0.2359067505392447,0.25313202493636366,0.281783532209851,0.28914340370704145,0.3125646696298432,0.3070136828224113,0.3064027941503088,0.29317164747915264,0.29732282656352577,0.29489068955739445,36.64433031682311,9.704714558096398,12.309176173737892,14.482880891505697,13.058474622614208,13.441225298676745,70.06856910072374,0.37157641882183906,0.040141221703077073,0.11231786012649536,0.040473759174346924,Fish
-2.278016852719084e-07,0.1270337077119206,0.9999999889247886,711.6665236734498,3753.1393479755466,204.37958203093555,192.31688032444245,183.22012480798256,17.971392847981658,19.71536362218746,14.403165441949996,2467.7310463595927,6856.5,-46.10974665671648,26.305821192302094,-45.50887358903056,24.080968814789316,-39.99491446897427,25.00108494905607,-34.21381978768965,18.35175509201228,-30.938227837476603,12.566763395158826,-26.76444478084661,8.491990544497568,-20.064752743072106,7.391392541207809,4.023054944148688,3.9965705109169067,6.247201054014307,5.5228427456491325,3.9854885678187366,5.30697785268707,4.821797636455347,4.972499932112507,5.575659083953269,6.433059923799056,5.971567288923638,4.736722760124597,0.5941591936647483,0.5609667189813841,0.6041147220998038,0.6480620139599671,0.6100841807219678,0.559583348531871,0.6000422443611606,0.6063498477672858,0.66183936533202,0.6595269897141424,0.7010055736889123,0.6759541675195097,0.31305311922790113,0.3173267338932963,0.31275965101796777,0.31436944610105366,0.3464075664531404,0.3260485430384158,0.334983335792653,0.3388397020801377,0.3709455739158586,0.34150124324443043,0.3209720372152344,0.32806683585025476,35.71025264362364,9.534087725970926,11.756093743048583,14.280334912457143,14.063792128520346,13.567127204341281,69.70003297503312,0.36484150502873564,0.04500487684083584,0.11831050366163254,0.04393782094120979,Fish
-2.3116933013484494e-06,0.10758070005092542,0.9999999901584105,510.39606996968797,3950.483986857283,176.24682805704742,168.42958388123589,165.01536202413027,15.981179157031098,15.968656261538797,13.614843345847426,2445.685151904969,6953.0,-53.00096603349046,24.519191304248398,-45.07770554550604,25.42481144969515,-39.26089266033694,23.896007998428573,-37.334742079961885,16.890023057645685,-30.879058305373203,13.528731886091974,-25.497935805202058,8.31304093062406,-21.5422318719877,6.345770148511684,3.972670265229379,5.0822834661717575,5.410202703724089,4.696547194716349,4.625266979952291,4.822599274812641,4.543011544231249,4.86936767923467,3.6124191495184204,5.037918904156469,4.375168648760833,3.9839798995000826,0.6000877908413423,0.6046550941100154,0.6099520948259584,0.6481910973059073,0.7031359159738528,0.7075068006010655,0.6850624775097552,0.6958207507937878,0.7481185233513188,0.7364604266169406,0.7192248086093362,0.6948320351454882,0.28576270662495923,0.2941346944317982,0.2937079655420302,0.2914610135516477,0.2924959176856204,0.28456346493698337,0.32606941517546173,0.31727081373440835,0.2872013807668345,0.28343732367303515,0.28370573898597445,0.2994568048001093,36.91012074372294,10.08413222069348,11.973456063262745,12.992540825091586,14.346625673489006,13.450539701024427,69.6206097824669,0.37717200969827586,0.03782990995785316,0.10202788561582565,0.03161252290010452,Fish
-6.296766505008186e-06,0.13821149187538134,0.999999989174303,842.4165687995932,3784.352163129313,213.04354013135944,211.33789488652064,206.7428606213616,19.795802754907164,21.2259926218464,15.919366551046382,2479.349894810456,6877.0,-36.02171269839573,25.049701179191555,-45.51865048283126,23.516260573963105,-40.29829965803843,24.122559480240856,-35.046950072096784,16.90746682726962,-31.371705316234515,13.62313066281697,-25.296575457859902,7.1484454010318075,-21.40229010886502,7.752147855289621,4.864522185065517,5.58748967347184,5.998964533373366,5.117868547278039,6.034760904297985,5.3523873067413374,5.162807571948587,5.143714426511173,4.953595695424545,4.511228126511823,4.80696037828149,5.423643228890211,0.5817146145933646,0.585952171360096,0.6107906937446486,0.5491894790263414,0.5715805866172712,0.632979873017159,0.6838302032250501,0.6894794723518562,0.7339490277778437,0.7757385618624897,0.6992856901271857,0.6501743307605687,0.30404192516672407,0.27622489406022366,0.2970766610747369,0.2778690284368716,0.2914761554360301,0.29984020265106476,0.29625539125318323,0.2969427470591506,0.2833511318988759,0.30267492747252395,0.33773451238153523,0.34039728485038667,36.39199224009467,9.562334746380095,11.696546630583624,14.063982537199214,14.167755187814407,13.49725911959223,69.28997943272927,0.36614358836206895,0.04377431036948291,0.12841691076755524,0.048514824360609055,Fish
-3.117861311894353e-06,0.1332790597427112,0.9999999901080128,783.3618729049406,3979.8162312675468,384.98931058844835,343.5762229491003,341.0836527611576,19.516694697033472,20.06141823039099,16.71804858383848,2496.9845579715716,6996.0,-29.82740256445514,25.02497342135558,-44.881573412441405,24.987240212288416,-43.05329895540966,21.966325236763492,-35.28608843794054,19.997936112410997,-29.247380699732183,14.35275385310538,-26.793255409872447,6.4508379748351725,-22.394830773071167,6.78496406291597,4.6728932625479125,3.3666064096411406,5.483992767949797,5.853913636295534,3.771418749983895,3.998503170026801,5.7495930528828865,4.556946004182172,3.292803205523577,4.703036339713607,5.5141999947462645,4.389412565509496,0.6155536875963823,0.59210780494399,0.6289270527028885,0.6415126330353595,0.6759111282841476,0.714258471795631,0.7045909643614726,0.7331635499986369,0.7961152940923104,0.8601842643430192,0.8029167109555109,0.6969013718397516,0.2572607903516599,0.2570571095273049,0.2776006465121595,0.28046076583164076,0.2936318033779468,0.3006412851593989,0.2980457596581737,0.2849751969792351,0.2673066377157052,0.15042411549771476,0.18733758555654464,0.25598928242025776,35.73704061397546,10.694128824800321,11.830459306979984,13.94391936886371,13.356690824354256,13.568545800817478,69.90933029026262,0.37473060344827586,0.04106902580617964,0.12653689086437225,0.038661494851112366,Fish
8.145209398015e-07,0.13975599675384523,0.9999999896638346,861.3496735531987,3715.4762955010424,268.5067644010213,262.98468892775173,256.89924433075157,18.595755072272233,22.70567256892471,14.38825867381002,2448.108528955688,6829.5,-46.21992722103875,23.792927404132104,-46.62482322826346,23.43964145873774,-39.14149713753755,24.108185463354577,-35.92670550604114,15.322690989983428,-31.634145155532693,13.673720285308217,-25.952966941087706,6.511399723484889,-21.454343969459718,6.283246306112796,3.5812801701725885,5.334408958963909,5.330424579296977,5.443432066300281,5.125511171165234,4.7718010233864945,6.577236444917865,5.33280690293116,5.048068905711858,5.897096207716911,5.483042467682751,4.489016104984785,0.5694619626949882,0.5599826619187945,0.526475041332698,0.5025789553333976,0.6011932045726162,0.6212517337022048,0.6294476645184836,0.6893311082061853,0.6728474127479495,0.688515299968281,0.6648272722907318,0.6146964525437488,0.3254377875482077,0.3467879385102852,0.3256139804346697,0.3041230694460188,0.3317688110842712,0.3400123837481685,0.3290845924868959,0.33052934598749606,0.3186563775829599,0.33558011676531013,0.3431060088664801,0.33121869623776246,35.252900244993604,9.451629309154695,11.422401437614456,13.882121488844472,14.614076835143882,13.248724722096863,69.38945728128976,0.3651501885775862,0.04586069971568723,0.12663961946964264,0.05695449188351631,Fish
9.349815931535738e-06,0.12442073427187131,0.9999999902273641,682.6908969039264,3841.2148728095985,390.1603117150582,335.9480558351234,325.5661848807638,16.355910022233008,20.375846188826216,13.077837802944899,2412.7549864320495,6880.5,-54.857426076362394,24.817513599212273,-45.89581629941392,25.637424458717216,-37.649833016866495,23.67204257745508,-37.8437084827647,16.22817767446131,-30.008146906109108,12.807704682205634,-27.64567836953389,6.981952890665115,-20.496830069764652,6.833938102063107,3.025796320196124,5.049343871612954,3.7707605551632293,5.435832643114987,4.087851023575037,5.070550554806617,3.941422363626723,5.486367373060277,3.2294683008383083,5.319890887204691,3.3400898258013547,5.565105814724505,0.6437620525461165,0.5140145727224893,0.5307792182216569,0.5457550052309829,0.5673255152633492,0.578012263305473,0.595902889378288,0.6564824220154653,0.6388546305960976,0.6203148362158155,0.6754243874631022,0.7778931097996604,0.2799171496515342,0.31984385711148056,0.33521851601254077,0.3489358637199458,0.33594826697529256,0.3381037181169254,0.33497264394036597,0.34704027111242547,0.3714626837117045,0.37368057316257436,0.3537306828361573,0.27875861196530327,36.40343556964331,8.939936237656836,11.616837431687433,13.388054024785816,15.16824952783202,13.473930969670274,70.25107393229315,0.3672380118534483,0.03814439389058516,0.11515245586633682,0.044980838894844055,Fish
-1.0067898549538019e-05,0.13032475075795338,0.9999999890566507,749.0182475814998,3674.88595758405,211.9544492516503,206.09625735272223,205.22028451835584,18.092926680447825,20.534465080643848,14.213310064479485,2489.380037263047,6817.0,-46.800751907041516,27.072231946279192,-46.90401453815966,22.306741106991947,-41.67576054165765,24.607895966380102,-34.591042921911715,18.155627383994112,-31.271427463436424,13.648186757489928,-25.81003500283594,7.165765203774493,-22.88521675092395,8.09754853155823,4.647847494109066,6.466210621054987,6.728003755806519,5.922901762573892,6.512200712974261,4.92856916387666,6.948085956195229,6.687874093063429,5.300685616428409,6.057050477013009,5.727696708805813,5.746159230956935,0.5030524406616369,0.4892846366607443,0.5091959795117801,0.5042121010941268,0.5371124250948801,0.5542856957859013,0.5533509405283437,0.6435521267233277,0.6103075205827331,0.5925305127838277,0.6512272933501515,0.583572261941167,0.32837334124651035,0.33610789377225314,0.34860307429967574,0.342739891017362,0.32466483446106276,0.33864721805683096,0.33463348696864587,0.3474896605370955,0.3704040067519111,0.34475223581031933,0.3486398387386502,0.34905936802004706,35.330171467734424,9.790947305015228,12.373790263952658,15.08921233861824,13.793403541245663,13.437430389528194,69.57518373591407,0.35602438038793105,0.04246902768818413,0.12202014029026031,0.04326982423663139,Fish
-5.179088901846201e-06,0.11263791854631046,0.9999999905458167,559.5099618079292,3945.809872181538,213.04282712402718,207.67643407891583,202.9341671045556,16.841450009082546,16.60950103226515,14.38555578652521,2486.7790381931122,6974.0,-45.86624140464027,24.845743252053555,-44.9724895573809,24.245210733906323,-40.56084474654512,23.658851252687956,-35.92147060606411,17.130284330958524,-30.95607601906868,13.909669569592223,-24.767551896444438,7.012957546564795,-22.01639844606822,6.906524528365751,4.394884646724383,3.907813453783975,4.188762597950719,4.602383176580301,4.354637937646495,3.177599026084882,4.642545030667415,5.288543431344268,4.757798639332536,3.811084513154759,3.8824864393495977,4.709240137606964,0.6093742959065401,0.5983626735953751,0.6056695791554144,0.6520473094826604,0.6580967045464347,0.6934196249013841,0.7683012909219799,0.8164627366302651,0.7851068669332855,0.7341073088930856,0.6958662252885928,0.6672627931652795,0.27298934039625977,0.27004549423991375,0.271380502582124,0.26703196933800283,0.258830640982382,0.28927343714120346,0.2785134217416048,0.19705209365333945,0.21211194692028149,0.29519888489730867,0.30226679852488547,0.2945302594975881,36.30762499517712,10.094154285473937,12.80568476376718,13.382840307891092,13.531555128129629,13.370873881338227,69.71889971000975,0.3742984464798851,0.039072229416294596,0.10708221048116684,0.032257284969091415,Fish
-1.0346418492362977e-06,0.12859397576299153,0.9999999894074205,729.2557076189073,3657.707791308369,206.58171280586208,205.23844584148674,197.42424448847134,17.487848091440377,20.577436096935745,13.800873733953445,2494.726461688394,6815.0,-51.38662128062249,25.25557329564708,-45.17092686908616,22.655629182585862,-40.20787895670296,23.583159189075438,-33.52696155315885,17.41947882245658,-30.896044711477558,11.356710207012835,-25.51947902853635,8.063512988248565,-21.132071058663065,7.662110108700688,4.992453535935309,5.4481268928369415,6.785213458928336,7.136249386771126,5.8863998345751,5.606128723396927,5.784734833061015,4.975061313947399,5.506419996782191,4.957401670234633,4.810271048227711,5.059624386220419,0.6161977170909553,0.6228514977257893,0.6143592006411736,0.6222028013886755,0.6952574596057531,0.6532428122511994,0.6601878215912452,0.6620920434692955,0.6567975689396194,0.6751015171043175,0.6946477769109453,0.6768963538229715,0.30274984197655946,0.3044822471519952,0.3040556685046113,0.3103025993846053,0.3158117867395096,0.3244865838786474,0.3371582321115314,0.3434545173387947,0.3416204349941054,0.33673769369751827,0.33026600281088336,0.3243155997488009,35.82923878417457,10.672694220634236,12.494537693901277,14.55278691504706,13.402779448352714,13.484595867332361,69.78823481398251,0.36478538074712646,0.045752953611189306,0.11555226892232895,0.054516375064849854,Fish
-9.902240534488427e-08,0.12897883057955714,0.9999999892376723,733.6272583316841,3717.4892973135866,347.88702168038037,298.80969120819964,278.2496900068481,17.379230574399504,20.77473472337969,13.528187761847239,2471.790265840548,6851.0,-50.90431447340841,25.366824736999398,-48.663472666619604,21.235230614163214,-39.894422674930844,26.58551813960639,-33.359448476511474,16.272433515063792,-34.13882008001809,12.79216905658557,-24.622043860769633,10.325770496664575,-21.357683888090016,7.876192276803218,4.702291553044871,5.971759474412235,7.128406401346191,4.600045329801429,7.180023644498257,6.931949396076441,4.841783956175783,6.485807542342703,6.453215539298071,5.589487344850441,6.896476706043008,5.110100356589999,0.4926367597992548,0.500238559760932,0.5862391231200551,0.5690355985526973,0.6436505442054363,0.604668094178815,0.552318673987917,0.5803250200659237,0.5932347804403787,0.6306969520012641,0.5929358335108996,0.5231354496434503,0.3452921687640767,0.3089363082515517,0.34215220202278707,0.3178623420826625,0.3053384842555133,0.3153486310210172,0.33784928941030595,0.3507382657403658,0.35964600665216656,0.37604392146582205,0.3831345153841908,0.36319381739145407,36.880287444399094,10.001071000651518,11.905792413136457,15.112737426504244,14.113541616951647,13.635505754870831,69.54161954271657,0.3597734823994253,0.03996929321482372,0.1196068599820137,0.04596598818898201,Fish
3.5662045252329155e-06,0.14678900604571393,0.999999988355577,950.2232428095446,3566.4366237796844,269.05510357310175,266.6969487487204,258.329061481613,19.48861242885336,23.88340907335113,14.685397880255195,2457.8198423425047,6735.5,-44.742980330083185,26.28121851975138,-46.793141007552194,20.886947458634875,-40.01081173648628,24.879557043114033,-34.03085767421173,17.502473603178057,-30.12642440329242,12.88705275721774,-25.64164357937216,6.733045763712351,-21.814140094206824,7.79673193006858,5.4874298729633555,4.419949769012661,6.8122061327697745,7.203782854253366,5.842259707222614,5.454938660077161,6.188493927907917,6.939577852513564,6.338526105278108,5.501529412414252,6.006613361138689,7.60306092353461,0.49856074544184786,0.48909124681429167,0.4866951316969957,0.4830151447221396,0.539012537260318,0.555647023262023,0.5663058362552967,0.5670278933638287,0.5715197090263016,0.6008502013244557,0.6289756818448794,0.5300888158438605,0.3495117613027873,0.33612496233753464,0.3438539160716336,0.34782993313841465,0.35324685932365857,0.3323305477325948,0.37019221443021394,0.3566343348224961,0.3586244442372853,0.37652716469674624,0.3783904090056733,0.33523637580390286,35.78545776755143,9.651463638410105,12.0749477534872,15.3848138648953,14.368202431127989,13.602572862166486,69.71192196985258,0.3564228627873563,0.04513457709071052,0.13517318665981293,0.054825250059366226,Fish
6.5809328985695505e-06,0.1631153548546541,0.9999999888761174,1173.3518993406765,3584.5170936111945,539.278536438227,531.136286314061,518.9444428704289,20.313773965044284,27.580835530243384,15.386912247929356,2465.427283979899,6747.0,-39.19180134310781,25.80635171100754,-46.42973703856702,20.829700007046675,-40.47773428062295,24.314059970642354,-32.956430701095236,17.23240106650657,-31.105074374017853,10.69833837307843,-26.38250381421319,7.673375807494392,-19.186921798054936,8.971781540015224,5.014704291136832,6.3845265071530015,7.956538205088885,5.478255056648243,5.913334621293553,5.976269578740684,5.981878735863096,5.737453023409846,6.5549206844486605,6.089601348050767,6.268323192854441,6.192696137820782,0.6140313100921106,0.6435728185615897,0.5489460109255802,0.5478850532024268,0.5871598683692186,0.5579525464637429,0.5590236232516306,0.5959055105774536,0.6376008025615828,0.600007977515418,0.6239450084531185,0.5897559345366294,0.30306741136415094,0.2828684848454058,0.3066924253740481,0.3437077136884736,0.37399469207265496,0.35812550397561194,0.342702033114516,0.34817582043284795,0.361183717249725,0.3386856562132715,0.3608871667994449,0.3464660842755802,36.1893029649492,10.750330741764875,11.734485008258268,14.7732026456221,14.112373704996388,13.320893940739818,69.72523854549378,0.3552049658764368,0.057022569517312334,0.14534690976142883,0.07182193547487259,Fish
-8.550180673607454e-06,0.11405431458544697,0.9999999908756345,573.6698556159806,3782.192935180329,177.67717927280276,177.27498768709324,152.83262832106294,16.575775181554516,17.289116112774153,13.457571713535888,2469.425781559706,6888.0,-54.36832464340669,25.752653787185295,-45.78777682885039,24.499123768753755,-40.50043699715332,24.010610206406245,-35.77802931585768,18.641635703811957,-31.189590325537107,13.291124477112383,-26.602826024866673,9.463092675107646,-20.638753792041452,6.159114743360696,3.94542383936825,5.793057912752321,6.020095396699903,5.587894515869224,4.126778230721665,5.502234585547476,4.909190168493587,6.04714107801128,5.220825586948208,5.352660393826832,5.277871324751333,4.661258891028261,0.6633437816689404,0.6603999332706041,0.6174247058095245,0.6137759891444562,0.6597424069304482,0.6515902192088521,0.6400754231941427,0.7363447238001811,0.7156391372449484,0.6779967801955538,0.7250073603548195,0.7400937717921012,0.26402995009200075,0.2882333658504829,0.26341472050482206,0.2812340136463486,0.30368852139456437,0.3179191319362162,0.3111678330117888,0.29831116180641093,0.2994340282057526,0.33121391110084786,0.31837914471530315,0.296181077389719,35.73555671968014,10.24879277603189,11.950238373942849,14.14676654605688,13.954246651998442,13.363782037273152,69.65297053288421,0.3723228717672414,0.04200124877103666,0.10637073218822479,0.0389120951294899,Fish
1.3469613378952838e-06,0.11796263155877974,0.9999999891595942,613.6595458724246,3866.9294061199894,180.86313922614292,180.5606324078901,176.1785967111412,17.08497939829608,17.937754176231273,14.109231371315119,2450.9255982111677,6921.5,-49.25433819913457,24.157482566638276,-44.796903912211405,25.017516704907216,-39.637447432021574,22.6629179503099,-35.88233515348171,17.105095351656004,-31.085228163764963,12.072739853854543,-27.04279684722095,7.1271758913986725,-21.538370134625335,6.654044464096895,2.7648215121529307,4.011500525222646,5.203184884694567,5.400116662708538,3.8145912140480283,4.319600188265884,3.868792096309046,4.263313866332182,3.2836837305146607,4.491570507108181,4.012508975273907,4.020403619695415,0.6390750576733167,0.5859176327634177,0.5748109259060481,0.612901400631233,0.6712401728991434,0.6486362916093641,0.6929020546510026,0.6861869676554897,0.6791091806975806,0.7498812739869328,0.7700562645361764,0.7090693984507555,0.28618818720985756,0.26770404815696497,0.2771067025623286,0.2686550154409441,0.295053069155763,0.30251059056726204,0.3109576103633538,0.306753618952456,0.3220830277156991,0.30676316771222495,0.2645993539362685,0.2794543754277135,35.51037517196754,9.677557601642143,11.829561894778523,13.607223740517457,14.031023200821588,13.361765261513728,69.62506869634738,0.37397853807471265,0.04094960125368405,0.1094389259815216,0.041861642152071,Fish
-1.547677613475806e-05,0.12677035598562725,0.9999999892546182,708.7189017747687,3817.18170266961,174.33968884966325,172.28027062261378,162.83107693783035,19.15522114883584,18.487736883573746,15.983987822414875,2484.6186971196535,6905.5,-37.80570468377455,26.108934756030024,-46.57400413021695,24.454571820057208,-41.7036346333827,24.442804127593472,-35.71040016166936,17.713293815434806,-32.445316800752686,13.956775626463541,-25.896097677241865,8.61614228634552,-23.07999165520035,7.33582198737293,4.418338936229703,5.079839191805247,6.919930847730709,7.047547033917555,5.6470054743542075,4.398628365157579,5.969236877073407,6.266693591019414,4.576907219005091,5.522060007633465,5.099940104259748,5.125197852420728,0.5708875396171371,0.5466770028809211,0.5823634424748452,0.6038278537385915,0.6554792927034557,0.673436489483269,0.6464439622169368,0.6616767409636449,0.7000103714048199,0.6877536808322122,0.7156958380263945,0.6482221564939967,0.31284571054352467,0.30781845167722155,0.31528166551195624,0.314057952824927,0.31032389121035914,0.3112087666558672,0.33202008837821145,0.3116937362677075,0.32657413629155574,0.30270744535850774,0.3126343316891798,0.31228827108692814,35.89047742541525,10.128907501051867,12.305313862825288,14.003469345604428,13.711011132393574,13.573910140944827,69.74109740732229,0.366351248204023,0.0373209297431814,0.12155000120401382,0.032786909490823746,Fish
1.3720811823652856e-06,0.15223290158389655,0.999999989848935,1022.0111640001909,3499.5006735298725,297.4734527141148,287.82018135356975,286.64104193463146,19.709996677331407,25.1699661314247,14.551335666897899,2472.665434321187,6704.5,-46.284223610310484,25.902259096117746,-46.89697736016499,21.098489851526313,-41.216400101988484,23.94897871722335,-33.91901178708993,18.159150868221335,-31.190158263730186,11.993045923459182,-25.53596597559307,9.041183103087313,-19.99570701804731,8.8698305022167,6.08547983900793,5.161620905474472,6.999379308191539,7.318543016985966,5.762945203466889,5.8221027259202724,6.90821557707867,6.844378495340408,6.146686883453142,5.666770275440709,5.937713588285442,6.429312009284716,0.4947253169436924,0.540476060253314,0.5172993198303242,0.5443002232266789,0.5292400892310767,0.4920752616882891,0.545420690785751,0.6079733442631072,0.5773671478342033,0.564433807297252,0.567322262556327,0.5624495562705941,0.3272012449077209,0.33922198041643736,0.33057764362172437,0.35255070904830704,0.34280757702975,0.35666282951142214,0.3804683183145542,0.37597583043101884,0.3798093206606284,0.38840063531482805,0.3810183655356243,0.3811194470265244,35.087298752853386,10.369742400099085,11.76430116946122,15.656084837964833,14.284616533753633,13.48257449081424,69.54303424778446,0.3533640894396552,0.05040062361172188,0.13911327719688416,0.0594741553068161,Fish
-6.359729286705947e-06,0.11284651072762361,0.9999999892123979,561.584174551601,3697.7982006325674,181.58914247079585,174.65860931276464,171.97004038288628,15.91266029263131,17.560507359953892,12.467964521517569,2458.2184940224274,6817.5,-60.36334057180538,25.520693499839158,-46.87555240742434,22.759076245480713,-39.86435972181425,24.835221479310373,-35.20466254699776,16.72630778218471,-31.57435579566671,12.145614355658507,-25.79988744879074,9.060737609345514,-19.754758472724458,8.023721573637795,4.2093749796526945,5.7071910368401655,7.201477266695075,5.345568942303722,5.598226830792419,6.082302772850857,4.308506483675656,5.98033747744804,4.7086578481054575,6.314187047396366,4.9729963488236955,5.614326531596594,0.5953009752474313,0.5344484836270323,0.5789579353037841,0.6185069029036958,0.6070051982662967,0.6495394869188215,0.660604966890685,0.6406021489800952,0.615008364861847,0.6279239297060246,0.6840706562153802,0.6950318802869854,0.304555566020348,0.3213316883824602,0.3316331966075069,0.3249236827791527,0.32196670735234595,0.3510484479691139,0.3443092386492133,0.34767462682418954,0.36355206186000155,0.35182467245189464,0.32269068691054775,0.32198763472100383,36.77484458413198,10.2105255327288,12.00808313915034,14.187573990600013,14.490375855207219,13.321728500184125,69.61082624058733,0.3660481770833333,0.04605797511990614,0.1049642488360405,0.03937667980790138,Fish
3.939446818185793e-06,0.12539117758177476,0.9999999902892507,693.3819817010763,3742.8977069466046,246.44488865242874,239.95142650693217,230.5742770371287,17.029306955961335,20.084438925968588,13.488272757863793,2488.0165009945717,6871.5,-52.56040187118853,25.21558331798562,-44.733982368753075,23.54012628166755,-40.15857466207505,24.02043706489452,-34.79793160020439,17.083705187853646,-32.33395546166907,12.824256898902531,-24.2576414797402,9.167312058705418,-20.908385984049865,7.524489527147661,4.0818124427469575,4.559321880493601,6.028372393370932,4.626164635915311,4.688606861008616,5.870525512060654,5.844698806152102,5.716770235855129,5.308713028863983,4.32432430571939,5.062346315040669,5.2285666948552025,0.5453618813690613,0.5656675109909095,0.584067513843352,0.6599778881211034,0.6159181053986256,0.6136561716271417,0.6203750007792171,0.6556652594939126,0.651989458102426,0.6594933934340745,0.6416570999101766,0.5652013336599323,0.3020452993243196,0.3016019478034361,0.27300182759293795,0.30314767685861027,0.3151789660569477,0.33360987316964136,0.33870132406912606,0.33817046774189957,0.34531576616049015,0.35955984278351216,0.3476350949702585,0.31868033242691796,36.06106393322248,9.87306081307534,11.717998383055097,14.860162231448667,13.739991036660495,13.24211508205203,69.97960188053722,0.36679463002873564,0.04260809454296827,0.1151331216096878,0.047613807022571564,Fish
-1.6976777316168666e-06,0.0959586952862383,0.9999999890550668,406.07594009283855,3768.9199925962334,148.61487092754626,144.8645122953409,142.0470049037992,13.668725144117772,14.806819136953289,10.899039839966788,2465.842334840391,6863.5,-73.65495750819265,25.336048083716264,-46.55314267124066,23.849680522599854,-39.51238763793919,24.38513494696026,-35.837435405953045,17.824264533693114,-30.137692069440465,13.574029978677084,-26.845965216934207,7.933538897219459,-21.172087064681744,7.565744445091524,4.613989580279028,4.893237157970182,6.0722171184470906,5.330201287580605,5.081048687718543,5.863009786467401,5.400608597381995,5.5531012567847124,4.141973804067471,5.1352562688136265,5.042429035882261,5.0397482565112535,0.5881609113088627,0.5445324892488292,0.5298720014837359,0.5826433844298712,0.6116212709511859,0.6302761770211672,0.6186705631157547,0.586559506014199,0.6307174272651386,0.7226149835991221,0.7833219831408031,0.6308949087165147,0.32300643396466927,0.3166870495727311,0.3168503859609802,0.3322499631112375,0.3378387318167003,0.31729782591518463,0.33194207831670525,0.3334170276709818,0.3401669750460496,0.2916458070751013,0.2862829726721292,0.30609612047073376,35.98017718060767,9.730221183809538,11.2477768291918,13.710356493471803,14.158359944781212,13.638002667513728,69.95456165338777,0.37257543103448276,0.0375978711453141,0.08911139518022537,0.033886466175317764,Fish
-9.319648040201444e-08,0.12691617665709165,0.9999999900992067,710.3502710692887,3806.862963153284,247.2127836876943,223.7737364068174,223.65521510088882,18.054287329394498,19.605942468469653,14.609542316983239,2483.8738991637383,6907.0,-43.876584263796396,25.296252545654077,-46.021051568007834,23.261629338883825,-40.76842781574625,24.305589122770083,-34.925638295498814,17.737376661523864,-32.448927547530985,12.071325611557423,-24.991971740044978,9.278901776357424,-21.63436160224993,6.571072107604996,4.122767652374235,4.421305860987125,6.698634219026592,4.507946152509074,5.048219567499168,5.6238291792339385,4.406643449611459,4.4199215061315265,5.690003709724817,4.843767215077383,3.8620800717699377,4.402822383533111,0.6594817107424681,0.6280799645464409,0.6338123636224517,0.6690117408615266,0.696730615634911,0.7418080379856283,0.7154296193002933,0.6982396552340232,0.7271294462093658,0.7048028191615198,0.7052856164775168,0.6698061635273261,0.29261888375415007,0.268401109459979,0.2781942463053366,0.2765178396511986,0.29107937128824546,0.2780450778047897,0.2845470459780081,0.30399421519887715,0.30875317288446336,0.3298176023077609,0.3405704434966894,0.31073044477254264,37.183838354829774,10.369435092413324,11.935211691251446,14.191800033441163,14.124207997976074,13.391366345058435,69.38859371262686,0.3666879938936782,0.045999170175965116,0.11686553806066513,0.047171641141176224,Fish
8.594530447782634e-06,0.15573086230982355,0.9999999894372908,1069.5176783385584,3508.3149787956118,265.70436645657156,252.9647735026781,252.8973620932472,20.391470091063578,25.56766764591506,14.802823531564378,2472.4300416000196,6705.0,-41.67409986857347,27.41909808300914,-45.517130460905,21.677057236806824,-41.5517937585461,23.025246253397363,-35.01500642248346,17.745321936763077,-29.274982772167423,14.924363877939035,-25.009636933384325,7.039396263387201,-22.24605303118359,8.002464494738959,4.881893881416801,5.665427731227393,6.479756293991823,7.315337276666664,6.019394811891021,6.039501589058799,7.675322029643125,6.457519522160345,5.350259110911971,5.6706180130374815,5.635357774218474,5.8014631999059745,0.45750128902217313,0.4040214048136538,0.4396588692596026,0.4954661078310393,0.46177769524568735,0.4685927727301482,0.5667906341200752,0.5729293180789199,0.6044365656450579,0.6027528543921646,0.5783471231427993,0.5578705903239157,0.3336118458365252,0.32368440414683075,0.3382819471773971,0.3625797079945565,0.35513044375477787,0.34028934104285197,0.3754543186442716,0.35976873256045544,0.38120435738439873,0.37850303455167733,0.3745260012266802,0.36263123503202527,35.53750904756742,9.97036909634963,12.49080138667167,15.746302193885445,14.235358275274548,13.476827352563992,69.56525887573656,0.3483690283764368,0.04546355183001133,0.14423298835754395,0.05617906153202057,Fish
-1.443248618775321e-05,0.11791078732057185,0.9999999900836795,613.1202702910516,3522.9855561905283,236.67675766591222,236.67502178035434,236.3799729284181,15.592414787506966,19.23530296863462,11.575816353508666,2475.55197477186,6721.0,-67.37113485282134,26.209289077892755,-45.47236111712582,20.93798836556886,-40.80651991685629,22.741861074704246,-33.25912695536805,18.11092679853186,-28.63807681083745,12.297067671901516,-27.02927895368293,7.256999209224794,-18.007332821861965,8.535250062504895,5.459958646884151,6.405841436515144,7.7912540375356105,7.483324498273929,6.470512890209752,7.12964995505115,7.665397789513317,8.247141202819614,6.665172041762651,6.854556279439508,6.4780474687817255,4.966965867620644,0.6170787733181701,0.610798386646172,0.5606315273211421,0.540732751998563,0.5538849283782854,0.565789588750595,0.5402861302982925,0.5724673817441556,0.6320893515441858,0.6561997765206987,0.7283224011968841,0.6793960066115915,0.32258105831897027,0.32566096045793685,0.3246370603351026,0.33368455643185835,0.32506503019310007,0.33072269285003697,0.3401913739716668,0.35613882569021343,0.3625126524021761,0.33456779145018295,0.33251831471734883,0.3304816258116336,35.67115863930965,10.407815193237836,12.037858374721948,14.22384611521797,14.529282324454849,13.583531405598752,69.48371047989824,0.36087913074712646,0.04343380083788435,0.10635419934988022,0.049210481345653534,Fish
7.915051851680955e-06,0.1402122821283738,0.9999999894688527,866.983249793198,3648.198785674765,260.07722074472986,250.40844110169107,249.54962172387022,19.286977882195114,22.248499651095,14.89245829033144,2450.7371134947207,6787.0,-44.34337572501892,26.934757941603767,-46.258873538651805,23.031117636158257,-39.972992886481286,26.4758731164682,-35.63524163748104,15.867649434514965,-33.27987759632826,13.677841056108493,-25.006833424364732,8.966338391829826,-22.145451293636405,7.675076846777022,4.721999599760748,5.370048860823457,5.887595223265696,5.806824859691331,6.770865726015614,5.406608948357924,5.503169546611209,6.69647153738338,5.249192482993527,5.321536824320417,6.568418686094924,5.889267257073099,0.5086581364527498,0.5345661817450391,0.5880584269224185,0.5405879525951893,0.5685947604881288,0.6354629004242539,0.614158805201404,0.6350731836839181,0.6191315435686053,0.6332361531194388,0.5903447160893578,0.5184649108987113,0.3602637241751184,0.3209827658489392,0.3225436797070512,0.32177026176000395,0.3317893428565166,0.35874114585636535,0.35095351890439913,0.36719677797503775,0.35805508064650915,0.36507424865433286,0.3731433215398244,0.36977142447812317,35.38210048084033,9.811244680581183,11.93186854367468,14.62160625443961,14.416534616042023,13.547823455738342,69.66032846824052,0.3657451059626437,0.04494986180848685,0.13101081550121307,0.04731748253107071,Fish
-1.6060899567975895e-06,0.12464726966046477,0.9999999897466691,685.1791349847174,3800.7031405517464,235.1677465633462,217.68082648138483,209.43124883488278,17.39898998501203,19.55643839084873,13.907623048718744,2456.4158741658766,6880.5,-48.653758735012026,24.82591870163363,-45.932073460904924,23.121216709994783,-40.18333882154572,23.618882719174366,-34.508497563540566,18.12920963409706,-31.27348196717991,12.062826775983028,-25.489976254805683,8.790274417485984,-19.763846196424712,7.431440833317327,3.9196646224924954,5.046437516422103,6.917893847000981,4.487434909912884,4.92210995769498,7.0715503720262385,4.089683108587414,4.817846759538205,5.266522958542526,5.121739983096542,4.81373715282416,4.021017542657723,0.6143199601316387,0.59500574156882,0.6100219911811864,0.614020289464986,0.6906017617235479,0.6584425311157669,0.6450800118284905,0.6606225490269793,0.6686790404764711,0.7208172297604493,0.6950650839817589,0.6510647908683406,0.28077531353975677,0.26575898806089815,0.29252317271586753,0.24706138567460167,0.25513367592078795,0.2819088632747456,0.321163515205016,0.3340345232500875,0.3174921613276425,0.3102693793922423,0.30830017013205924,0.2958561750711087,35.58205080241831,10.044349474606772,12.09316568268093,13.710255080391402,13.847354444254012,13.458524899617053,69.73090309233396,0.3731254489942529,0.03690342360138224,0.11423246562480927,0.047805268317461014,Fish
-8.299426311121246e-06,0.1346471543806016,0.999999988988533,799.5266606988247,3669.452278361297,268.2360480047344,252.83410956585527,238.92359006740668,18.229757908079698,21.614869658255223,14.057833524926647,2432.5681728914547,6787.0,-49.29792909676793,25.980784055836835,-45.344530743526775,24.32179330251304,-37.42950899321011,25.06396186452788,-35.75868094089339,15.708444058664503,-30.857827745902565,14.005134170112765,-25.23607515972722,8.145237897912102,-21.095624223509486,7.259330507353398,4.199085232989495,5.678317438636337,5.2105786335162225,4.439856619653284,4.938432413172496,5.498085121670548,4.954103048032958,5.928602266722646,4.142685806347075,5.887066554493003,4.936281467777763,4.890422764158712,0.48307071136391394,0.5087175656682534,0.49213721284260953,0.5281490015387519,0.5283926960940798,0.5433918579477496,0.5930081691210066,0.6382435008433628,0.6004929089443055,0.6393179417240488,0.6436448254207465,0.5470180676712082,0.3354933784956032,0.3483665288084432,0.33258770372960683,0.34462628341530915,0.3340252798778238,0.34422370594075913,0.3748819865770723,0.37900251057436457,0.3605551986664639,0.35971684021428035,0.3680305499181997,0.3630093114051897,35.3099367458703,9.679526718958341,11.951807920504026,14.341444330177115,15.339148734391612,13.539414848559574,69.43732509455548,0.3586004849137931,0.04388419129392569,0.12454475462436676,0.048883263021707535,Fish
4.873362925836144e-06,0.14522979045685705,0.999999989434914,930.1436198412493,3650.8856406003865,357.7368650060431,350.44245993310284,341.8340945222007,19.216949373795543,23.682324152307633,14.656129614576617,2462.8942226497948,6797.5,-44.4502664597154,25.85140315365106,-44.30284771848027,22.80005478963396,-39.6298368808934,23.950727558702557,-34.5342822803956,17.51818117131825,-30.878465488646157,11.68167194724634,-26.18480684481644,7.54761091821291,-19.650747824296353,6.244221487497476,4.6101953808195155,6.287173089651982,6.808789581819165,5.929230342568572,4.941709793685494,6.345780083167377,4.874978695946468,6.19883120595149,7.113740415196098,4.079387874716386,5.533041673862464,6.2941706871893945,0.5050001569388468,0.5888231600657999,0.6090807506156293,0.5442938370465422,0.5449861856816283,0.5187210318267128,0.5225455107319557,0.5919982805150528,0.6305672381342088,0.6498512841425351,0.6325702605605081,0.5724981299077455,0.33647288120693963,0.3356688478530075,0.3376008899525466,0.3222936787891968,0.36096286757258733,0.36004024038754306,0.33719450720950306,0.34945391546446103,0.3501948078258535,0.3668256929275036,0.37237936090419527,0.3641624734523827,36.07826588766403,9.548731199341633,11.391114495505722,14.597429353122145,14.421940389597216,13.574537221249363,69.20639859077265,0.3644317977729885,0.051035116224731336,0.13413764536380768,0.05188984423875809,Fish
3.6803967340061005e-06,0.11269136317969246,0.9999999900004558,560.0410416839617,3968.0019299797186,144.77731379998193,141.36392797025704,141.21743163891287,17.26958346566319,16.180313012282674,14.74320051618819,2432.995020831144,6971.0,-45.18763677420789,25.41958802303998,-45.90315868442619,26.850874884657173,-40.217183751736776,23.69403284042568,-37.97002278690165,17.649203546237494,-31.18075763409603,15.262326896014278,-27.21509121332027,8.706973186598868,-22.133528565240443,5.450415425634686,3.606342711863968,4.804157075195405,3.7778325219440956,3.7279209734178402,3.814512591948651,3.661507858476249,3.586661733370597,4.487560953364665,3.990099605149646,4.4388093399451405,3.368264321707761,4.063878729993486,0.6462076689384403,0.617488132101968,0.5894359017204696,0.6235644451983738,0.6590768348515349,0.704437149967422,0.7066668473626223,0.7275313143836516,0.7919352953859474,0.7743555482024715,0.7669775680481863,0.6962099176248537,0.2946018624543357,0.27945887717498036,0.2626425245459756,0.2805365758766691,0.2660355970165533,0.28163418959253594,0.2886594735607423,0.28258140895590095,0.2727705909904161,0.269917339286905,0.25977090323503355,0.27113992774772994,35.971600873151424,10.298431528947823,11.655521805490705,12.886992043061278,14.442231183118714,13.453765512678311,69.60470671034489,0.37648168103448276,0.037524181788747724,0.10789036005735397,0.02952323853969574,Fish
1.284681655589115e-07,0.13193833941205738,0.999999989203395,767.6806904411043,3625.9482230673825,233.6649050015492,217.57049038175978,216.0605948986103,18.338520805612717,20.76967368766978,14.267429056127117,2482.590787804242,6791.5,-47.87277870169196,26.049666092034464,-46.35862885980683,21.75125880007015,-40.586347650869435,23.113386302289936,-35.23257378584606,18.416704021955137,-30.01813804245207,13.202682171769245,-25.935460487543057,6.5718259880397545,-21.26430330922191,9.252942801380312,5.285049926402213,5.408781726789462,6.732932905230305,8.459357046811666,6.208263443023199,5.6310584714071386,7.084266746808002,5.561081204191716,5.603260184157342,4.8385304257655815,4.893528185195518,5.118149733125763,0.5455587642724465,0.5313480551619375,0.5613885021855913,0.5145323453307895,0.5383916459280661,0.5535151453541617,0.6082883563656475,0.6647375121515584,0.687899090704082,0.7121726896876691,0.6590875395553234,0.6494262333805747,0.3126052913490729,0.30692364499119196,0.32011567014017184,0.3262601945783355,0.35119057565329054,0.3345527251778502,0.34431204778145674,0.34748076047058446,0.3122407175288464,0.3235193943091204,0.33564861892359865,0.3705026776746873,36.032058247875305,10.123683229893029,12.282754960924484,14.443770030151079,14.510196849413505,13.570980503504414,69.75296696176167,0.3650603897270115,0.04159713141083735,0.12132634967565536,0.04966411367058754,Fish
-6.0316124107171725e-06,0.12130435216534344,0.9999999891600292,648.92029377696,3964.0462448611825,202.056701678309,200.8870481318348,194.97098486450133,17.518505304116296,18.49384402772299,14.873279517161132,2439.4877069353474,6954.0,-42.56718178536943,24.781149212664562,-44.195399271897095,25.100572614980326,-39.03956929778172,23.41931056401829,-35.323894834864646,17.039804542903635,-30.640340219929016,12.762498490152154,-25.441429757446656,7.592027528837549,-20.29884375118838,6.75243931688107,3.6862644618014566,4.49981283812794,4.312489875158136,5.02033091793956,3.1619867394196324,4.15017411673498,4.589572359335035,3.599329785336252,4.465073794103361,3.5635715343823944,4.296813591684086,3.8360527817030596,0.6400160977632918,0.633075465474947,0.6559928579400435,0.6666693621327232,0.6619747263725255,0.6908168763482431,0.6893929177283317,0.7478502750417645,0.7584473645343909,0.8188709841529058,0.7417037594424155,0.6701333926442001,0.2657534385868812,0.2609083114777784,0.27570443960646496,0.2901521315591497,0.2908008208533346,0.3025186926358098,0.27088478202443883,0.2623481191401151,0.2760344239619716,0.25725937364442436,0.2735159902012184,0.2860781972784827,36.26908761219003,10.133917618799256,11.53920076557047,13.055614707384178,14.59950010138217,13.437668196678326,69.70350689008855,0.3762908584770115,0.04049260463371665,0.11285697668790817,0.04212164133787155,Fish
-2.314610802485164e-05,0.11852214569500025,0.9999999895151077,619.4947304147129,3805.8396672530857,243.12452800700598,235.03683457135622,209.97756852302825,16.469494184200002,18.66147141376261,13.307464332437188,2442.624215082349,6891.0,-54.47335178271033,24.82732234734001,-47.768271470394204,23.649082813994923,-38.30483518367311,25.206700866776494,-35.521158121864495,17.927085474839473,-31.12011680217885,13.657138212177964,-26.572021176307228,8.22753709379286,-19.73148582898341,7.295887050966876,4.126332910064009,6.427547415605964,5.925891534588498,6.286132568536243,4.436212884407487,6.750807588413512,4.991124434291258,5.450470274602668,5.710480107255905,4.870674178565486,3.892116714439685,5.500516589865532,0.6199248881923658,0.5787478997745856,0.5397888841175477,0.5517261631198639,0.607324348319936,0.6861069508238977,0.6198693975795359,0.6135808140991021,0.6371299965354269,0.7260121600239025,0.710569255750861,0.6940215342973616,0.2713056380252127,0.29985009010751706,0.30596804057938487,0.3265776229975969,0.3230712736227963,0.343158983933213,0.34012238329089944,0.35833620876660227,0.34561175373958525,0.298606182189515,0.3000663220125296,0.3259600662475128,35.62506541594352,10.249438028882352,11.8211484551007,13.492420053705922,14.940521353986764,13.463841541192336,69.38841400250101,0.3716100933908046,0.04098784451712414,0.10976295918226242,0.04257975146174431,Fish
1.3082105449499423e-05,0.15513298720085425,0.9999999883385378,1061.3213555049836,3683.9918183290306,312.7529872933729,306.47898123916815,299.6835437732871,20.759248341572583,25.107269292877607,16.341372621338614,2470.7133138672452,6813.0,-33.873714150223066,26.8649835055447,-46.39959607578788,23.58686115845075,-40.723284225251525,24.87032948055872,-34.718301850020104,18.6335177352506,-30.91595646975448,13.031751079731038,-26.959942770173146,7.008354456251584,-21.561683091997352,7.647237880688332,4.2333970003979795,5.380606507752755,6.2998958234504885,6.142849235619045,5.407805959839026,6.38951361534749,5.773174609601413,6.528127515863547,5.658976477862206,6.287679980114425,6.493716244871028,4.594686053215893,0.566967012150537,0.49710859216692654,0.4677274598863787,0.47259132357632905,0.5593993922897058,0.5150072373977715,0.496645611664674,0.5057056197843395,0.6165170566011583,0.6538536958898881,0.5480890787161867,0.6262471164958575,0.31839163126659803,0.3362595279250947,0.32802649889145535,0.3366432665075233,0.3623317042012937,0.36074874510152405,0.3864846915266861,0.37587019996089877,0.3567815029135441,0.369248605307718,0.36209100567412594,0.35818451651827976,35.90393400684879,9.778951393305343,12.831147606221787,15.12785755443937,14.614775151578066,13.352981938718107,69.77568228640752,0.3544023886494253,0.046645411437358106,0.14615114033222198,0.047674376517534256,Fish
6.831664323310927e-06,0.14041647021018286,0.9999999888685894,869.5102252454835,4252.552573432747,106.6434659611042,104.7104387801206,104.33601496872127,23.17540188505714,18.232141252185034,21.2642992985053,2430.1641956542585,7125.5,-8.482320455655891,26.90103440929709,-48.359227840565545,28.727508547330096,-44.448265689406924,25.73596113264476,-39.45807791485649,21.703773474156016,-33.770316049380085,17.33644677065025,-29.26880380976763,12.08017949496764,-24.69327514702849,5.730495770991225,3.4481756008077737,3.027256944926712,3.6805550163669922,3.7564351873293873,3.3770412617060384,3.6168256105711465,3.161965998464106,3.9815562189022264,3.051142340664758,2.9318000017563817,3.4954033106945195,2.9774200604885053,0.8155622159556879,0.7284433405989571,0.6927434904336213,0.7237009557193765,0.7631882256143964,0.7886484831871644,0.8188194676338794,0.843244371976772,0.8538591730047697,0.8558908465647018,0.8761438383873023,0.8727408829619405,0.12338552268975614,0.12545833353210414,0.11372960525198493,0.13104009359976815,0.12957145095789044,0.13064010995296074,0.12689433395485272,0.11129655674659299,0.12488264821399472,0.10412216393925579,0.09859936837263174,0.10630202684235172,35.34553378760953,10.391246343686046,12.029975496812412,12.242390846215246,13.414956962038543,13.568854211223014,69.90068772462739,0.3897101742097701,0.033509389505944114,0.13907559216022491,0.007446293253451586,Rock
9.442487618132994e-06,0.12000816803680006,0.9999999905906835,635.1264573756852,4272.532370631677,98.43922433459464,90.45893848770463,88.00341085735748,19.82637516859671,15.55767684753445,18.258917097136603,2430.5015282059253,7142.0,-24.058003374768813,26.771664083839205,-47.393144908286224,29.343038997960672,-44.559831606329,25.510290820611463,-39.785177677051074,21.45781056903603,-34.644530383924675,16.73714500564641,-29.329408909416856,12.88089272981247,-24.35527592248177,5.98297522927107,3.5046487323974644,3.1332948617943694,3.1576135892290518,3.4281965192312853,2.9394177702785576,3.7152545940288966,3.313337497880195,3.0708017177989064,2.8308862281302836,3.1185356815879652,2.7708982104823656,3.6872296025256297,0.7930686508426925,0.7609936565736105,0.7314716035495448,0.7455621880084015,0.7475774071109724,0.7740386877970749,0.8012853829269588,0.8392298446228171,0.8605492668772413,0.8546559877746721,0.8688465939755801,0.8232940817329576,0.1235567001504507,0.11790096867246622,0.1290668917478885,0.13413208710406757,0.13950559639932916,0.1329074146334878,0.12365974361879753,0.12293517610894647,0.10998836952057675,0.10039977307616985,0.09798115828316853,0.1118403586048741,36.45279273271202,9.540163144419179,12.129225799755886,12.284660567642522,13.384225646635093,13.371877560173722,69.6878237941844,0.38969333692528735,0.03230662147195195,0.11880133301019669,0.006962637882679701,Rock
-5.8211945538723435e-06,0.1174084403482515,0.9999999890709558,607.90711774128,4250.953314430784,87.87915351037911,86.64295313353529,84.04662070733907,19.398485498476244,15.218603076018729,17.858174882101267,2428.5187942765624,7121.5,-26.48022088349325,27.30644875841132,-47.75054099627927,29.004113032888203,-45.04021314593421,26.07537826625027,-38.7094255504146,21.675487976494367,-35.378458655844014,16.178234422246007,-29.79484015214311,11.144821416038427,-24.649408402944974,6.728123070428615,3.1004844849119917,2.8269375610494403,3.201725934481506,3.0966060424414668,2.980348017645896,3.628910540625162,2.901828391220677,3.2137762287718874,3.242850654846587,2.957656087565226,3.4889854445589688,3.2602053906750497,0.7599113170275036,0.737943310535332,0.7255944037907376,0.7366768018578872,0.7503538678782414,0.7909885244831483,0.8289772786008497,0.8198333607229265,0.8463730031040193,0.8776042243467956,0.8948261069208914,0.8111235197678076,0.14562825581030567,0.14907277402637992,0.13131325638329625,0.12757874180378398,0.15143239142768278,0.14172707056312323,0.12004262660502035,0.11118962417953396,0.11429833707830679,0.10302563602469729,0.0923298597269909,0.1261168016951438,35.53570561209415,10.373015723840059,11.824120709883767,12.294555095072559,12.955887016963443,13.504845122539185,69.94981496190701,0.3866289511494253,0.033524329603894745,0.11628693342208862,0.006651524920016527,Rock
1.1896112607201999e-07,0.13687636136608727,0.9999999888351888,826.2195990667731,4243.450898362833,113.66233553127101,106.7372584221959,104.09283272399405,22.56277918861582,17.808441611594837,20.63272457292738,2439.7663914311993,7127.0,-10.210261860634855,27.83010859942314,-46.654304053083145,30.372072524584347,-42.621071568313184,25.973265316427344,-38.9382605621945,21.27778402551108,-34.11669029337316,17.18508792407978,-27.891764351795914,12.029137781535903,-24.604524960105863,5.166579880115628,3.923746088247386,3.934359406045084,3.636269501015721,4.121299831935057,3.9181532333114317,4.040827722562882,3.5867220662426798,4.295378747619185,3.2880485839179037,3.603895348912333,3.3135265006276264,3.495033349200398,0.7238299625310688,0.720534133532152,0.7032135174253026,0.7278962253249099,0.7592041517558753,0.7766565100815526,0.8169035618215384,0.8352046954971986,0.8348675721894407,0.8477163329940715,0.8627403390369407,0.7931160328351514,0.12091997778438547,0.1271761068824616,0.12168338535912772,0.13894537109219132,0.12470329242571404,0.11790692289526938,0.12084604436384087,0.12440021094863682,0.12345992307958574,0.12764778982575775,0.12873239145588894,0.12111388864225398,35.870590707045714,10.177913137224477,12.215995447973262,11.965526168989644,13.210171024985096,13.413530014981905,69.35792364211987,0.38641006645114945,0.03299465512168768,0.1355392038822174,0.0071042426861822605,Rock
2.0688010139514572e-07,0.13071272820620192,0.9999999886502781,753.4845435981688,4252.072982916011,95.36951815130877,94.99961197702585,92.00718755771388,21.614949343831217,16.919766787652495,19.930056478976837,2437.3845714837826,7131.0,-15.244156714388605,27.63101042966175,-46.68610524584023,30.495567898671673,-42.91814635896343,26.590476070908267,-38.99378771067318,21.643197634342705,-34.66764809566525,16.44946765269933,-29.424857250404152,11.827526362990861,-23.66163168838006,5.149476395815948,3.3007193200617655,3.7126971784988436,3.823582921480183,3.0047785756793193,3.1090465271048964,3.213728563114608,3.078457325105328,3.7611762440593974,3.8369133237478543,2.8715863164097386,3.829065119276233,3.3140369149851656,0.746166054348282,0.7305414103264907,0.7211340705236624,0.753490843830115,0.7730627125596528,0.7865658956870385,0.8120304123549413,0.834917241423696,0.8482256245738156,0.8916009144492174,0.8504818003466659,0.7973100449075612,0.11388136358920753,0.12087747620949409,0.1259369169922864,0.13372175794145963,0.11641964058082796,0.1322773332435988,0.12350422610389637,0.0989699567227088,0.10241100750848829,0.11573288437030137,0.11461378793921313,0.11961368082331848,35.450110760039784,10.084341271594186,11.192140428942414,12.383651267523579,13.228162273246152,13.264342100148673,69.55356046663168,0.38900300826149425,0.03514030508116042,0.12943561375141144,0.0066601186990737915,Rock
-1.1811913467223575e-06,0.13617956137011958,0.9999999909887743,817.828896493184,4232.138136618025,117.37292544328682,106.145754900433,98.73290411379524,22.55148026526156,17.58577930055694,20.82454723770092,2438.4107687621154,7119.0,-10.643599275641852,28.17894326817538,-47.5308653669148,30.23718850131128,-43.7111801591966,24.99216124290663,-39.859324945138596,21.154960587659534,-34.38427777602683,16.749096554818117,-29.433103704612698,11.405698837811512,-25.237985669818976,5.017489633719138,3.320641401227775,3.250743695020513,3.4795138225630216,4.453443231442142,3.0970325606826505,3.72025345593983,3.310714244398528,3.6956873520693465,3.2275739749030086,2.9767347053874587,2.9263740505238487,3.1231001921246864,0.7511002246628272,0.6970884653247706,0.7058133624291313,0.7429717119249404,0.7675565222080714,0.7977201605807354,0.8305430716864122,0.8263232762463303,0.848399578391769,0.8810406769052773,0.8598642745315525,0.8180705968102711,0.13876682250988387,0.13530029179017422,0.1349058859787604,0.11465552552798211,0.11861457543573832,0.12546619361478736,0.10978134979348819,0.11605851536972045,0.09988449505178762,0.10725322126059735,0.11028788568078808,0.12936177395013865,36.48274148088664,9.8600386285801,11.12179107809518,12.604549967532748,13.156190993912528,13.512322448312883,69.59377991330096,0.3848441989942529,0.032298327928715495,0.13488107919692993,0.006801757495850325,Rock
-1.2349858550619834e-05,0.13288800812974527,0.9999999886541113,778.771728002972,4246.584891209114,109.57841295717762,105.63651660017372,104.57563601504648,21.95014604628133,17.232609287248255,20.136322223248662,2426.145928081381,7111.5,-13.774288234719684,27.276863685843715,-47.981470108099685,29.476823026244556,-44.132838358252684,26.17492566911177,-38.8163533867011,21.433616428520835,-34.25258473279738,16.782080402340355,-28.9825801159788,12.172039781336736,-24.200373505991127,5.880595048883382,3.336185433620603,4.0624885823309835,3.316620626779001,3.988897227557275,3.5084682344579066,3.9986802597289115,2.9268337250388927,3.2383509263396806,3.3480889555156406,3.7524285078436366,2.925859490211324,2.8896811525747945,0.7550456201327038,0.7548752686275053,0.7132628898188162,0.7552869491962576,0.7762038439931586,0.7997210856187378,0.8408621137228425,0.8582152868086795,0.8500075889891735,0.8466856878283949,0.8156534959693376,0.7766659714650391,0.12581094457340866,0.14666476631364414,0.14068303400714102,0.1568272609479464,0.13631991363235355,0.12513039041552027,0.10714075420282537,0.12287743390435309,0.1156203358322259,0.09660969336550361,0.099018746072508,0.11622521421171253,35.7752089208252,10.44953142228286,12.282485515212684,12.33398086695288,13.116080592614496,13.512930510083901,69.76494511767903,0.38567483836206895,0.033309357813220496,0.13157661259174347,0.007581541780382395,Rock
2.4199513765003024e-05,0.12048056713557283,0.9999999891632684,640.1365330530249,4257.090247345458,104.42885136941574,89.20325729519404,83.98343521137379,19.90935759646113,15.612624342898638,18.261249925675855,2437.0955368799605,7132.0,-23.288153780903993,27.97372503565881,-46.06290137835877,30.686855450639655,-43.946286446727626,25.446725286384506,-39.88452168671216,21.411877447716027,-34.924265105932236,17.08125703507982,-29.19900570317299,11.31884360772488,-25.249954606927187,5.661830573529082,2.7364502683451937,3.566939262983658,3.448262918932172,3.582534025290712,3.011911092926554,4.199350330723173,2.90855942355715,3.108194558689834,2.979835954465786,3.1047869471597878,3.2148643105743386,3.875072219959993,0.7195467407491904,0.6999219479809918,0.7013406937711796,0.7321704872964373,0.7960256383294227,0.7951773905243809,0.8214813226901359,0.8625709802781227,0.8750079815314867,0.8616441897216076,0.8543429441256112,0.7898394736290588,0.12276061772283231,0.13399659403878247,0.12427443564777395,0.1257008105666271,0.1373997928256399,0.13157620244212131,0.13560896279911908,0.11979460480796489,0.09936578888663368,0.10546536055341427,0.09603774113194967,0.10662715533761741,36.20057797449354,9.800892423805163,11.687073589863166,12.037329220831756,13.454643973820707,13.362840966206154,69.47581520773025,0.3944526760057471,0.03299770804829973,0.11932604014873505,0.006354883313179016,Rock
3.2050680478559753e-06,0.12308117501674218,0.9999999899887458,668.06982633145,4248.77416226433,101.68547092558988,95.08206333682502,93.22424169481523,20.31710376012104,15.977644427628771,18.70425126578639,2429.8635821116063,7129.0,-21.22695948859887,27.553004682261136,-46.486725448972635,30.416369981352315,-44.53083000162145,25.094991827921092,-39.39954451767875,20.495901919050542,-35.3969573827043,15.173698246523179,-29.54644425764563,11.390867371470087,-23.802139594890257,5.492139113886384,3.1734139286512035,2.5833457179483563,4.112307820605008,3.3808274314475684,3.9960211862517183,3.1497013081153598,2.712553601722628,2.8230023475432033,3.386008230714583,3.2706868140320906,3.5921518654148112,3.2227321598628538,0.7703920606076555,0.7260628648484342,0.7167085775202728,0.7484361807801916,0.7437866117649987,0.8033041717919791,0.8056741634593891,0.8177278247474948,0.8486299652758655,0.8511353055633953,0.8426781234474499,0.8278601200631568,0.13757005659106497,0.1246668235320526,0.1160414240036647,0.1298820147238033,0.11894601159164568,0.11723212557094612,0.12210393541733702,0.10949164290616714,0.1179001589992036,0.11634024251537813,0.13256848499940418,0.11457899705154671,35.96278088568572,10.171010268456278,11.380562970354081,12.322306351239408,13.475688209277767,13.473557223038318,69.92668213208002,0.3870330459770115,0.03346152732944468,0.12186930328607559,0.007074282970279455,Rock
-2.4000519267857107e-06,0.12579290721169198,0.999999989187643,697.8320280143553,4254.190858081424,106.47881248326112,97.16575032654328,94.87812438524946,20.774203186193297,16.317613495495355,19.061470583267976,2430.793725845897,7124.0,-19.34378995174195,27.092333208965798,-47.10556128347712,30.36845904386005,-43.61454499516243,25.975535823223765,-39.563765826713464,21.28623626856295,-34.2063885247524,16.786254459522816,-29.834038421820036,12.065528094015095,-24.075356480703306,6.242847839971887,3.51304931694847,3.2041064168480946,3.07748556869495,3.1251806018082346,2.56873556221487,2.9274875136090266,3.325363599919022,3.522357991068003,3.2465760936150905,3.049778481971369,2.445228332460233,3.41297529053889,0.7619885671477588,0.7123468694907945,0.7230425417047176,0.7392730764392574,0.7488889431682205,0.7990045451559792,0.8311599909765603,0.8472712574187148,0.8492732944207754,0.8539792793588034,0.8718143401366693,0.8271193456644572,0.11114481653828975,0.13368129575489837,0.1299781914374994,0.13342572567549144,0.1292297292242643,0.12103493352388456,0.12023672123037725,0.12314558164405694,0.11264846336961727,0.09741459414766179,0.10992881819062376,0.10941488724357022,35.32402465520194,10.227804196607384,12.495617410709773,12.41165787105133,13.208080882539985,13.530498310813554,69.54026064360909,0.3913490032327586,0.03314371729479748,0.12455425411462784,0.007275852840393782,Rock
-1.022638714753996e-05,0.15047186592558412,0.9999999898534276,998.5026100010325,4260.630563281296,116.39502243361486,109.4874326307049,106.66769048972688,24.84665102398721,19.522974852161223,22.9759146609772,2436.154219096053,7135.0,-2.0896165953773904,26.78358289994994,-47.784829987723775,29.33736411033504,-43.81548015285071,25.990963741236452,-39.98048386770188,21.22140018529511,-35.43272648098251,16.44762699176084,-28.958213665149422,12.05101346465989,-25.091496701627477,5.0629655202675385,2.927767554250517,3.4986888016992728,3.8169023557209307,3.366995734768568,3.006628165849802,3.751793728591969,3.0617654883262007,3.7459408965284333,3.8896347466942656,3.867894006625401,3.070661388146307,3.193102104701228,0.7085066994886454,0.7204201574452805,0.7451880835962764,0.7700927276095808,0.807867378669213,0.8178147475180811,0.8241220967819464,0.8453058155372296,0.8626119642971969,0.8607932521570358,0.8673301922063086,0.7779806313574424,0.1284083867247289,0.1248738443765302,0.15744255995504777,0.13624782781341838,0.11899090505372745,0.13892745726532318,0.11985601428144858,0.10895433650015232,0.09933350051626261,0.10967658661113157,0.10398562150145466,0.12062167670048339,37.17303878335652,10.026482328219187,12.398672883641249,11.956859508703516,13.37951232212837,13.438750533953906,69.54748605237548,0.3899346713362069,0.03455482822124091,0.1490289717912674,0.007910629734396935,Rock
-5.6979041477041665e-06,0.11861848205651516,0.9999999908139405,620.5021844175343,4235.369315625487,89.10682325437983,88.03886583777145,83.96936931358209,19.605497528391766,15.366413113824095,17.95488117125067,2433.4306548552754,7122.0,-24.5470655507494,27.27528441640822,-47.979570966021505,29.732442528092292,-42.933369266128416,25.71003492214948,-39.02441771765583,21.592650272953104,-33.654909499632865,17.021568273791434,-28.51668854449934,12.253213243579976,-24.645810674121883,5.563602593775585,3.232186511784841,3.6292402655881375,3.0330093689364332,4.2941416446309635,3.3656599003768606,3.897529943883464,3.6543033333557937,3.332842484081941,3.8969783387958263,3.4879661085355345,3.6759198226049654,2.5738639937295424,0.7421441108938805,0.6910226445306434,0.6981577467768836,0.7600218692325331,0.7667848290854737,0.7660085337270705,0.7842011612263352,0.8150584300207582,0.8438045395771572,0.819437368315438,0.8038362395107761,0.8047521521615565,0.128804039666139,0.12624880071252995,0.13102574599144537,0.13662742160611924,0.1356731580943005,0.12866209155476355,0.14291154678585088,0.13798072854832139,0.12041762683545354,0.12809323355061536,0.13241690275441415,0.13704414507833548,36.362008747500504,10.284962113426749,11.75410074995208,12.375995201956696,13.487206026288376,13.446269035807552,69.2588793908288,0.3847151131465517,0.03175835310432276,0.11747956275939941,0.0067984010092914104,Rock
1.4160567372494815e-05,0.11624250512443104,0.9999999903120727,595.8933207373145,4240.191130687475,96.52927115527956,84.17231944634105,83.99978349698196,19.2030392214357,15.07105219419603,17.57128678068115,2433.1312289063176,7131.0,-26.730874656170762,27.393025372823036,-47.16000774759375,30.68578945055896,-42.97406598594004,26.243540865245386,-38.86085074232313,21.584484839360243,-34.72623728541849,16.39576397082633,-29.085469140485316,12.756984918248772,-24.35890256605577,5.834212802584475,2.8684894748282006,3.664332963050532,3.144512388503422,4.096537304083432,3.373672437291759,4.004958980839914,3.084157284927745,3.415876471100286,2.9675307781937303,2.9923894841240655,2.5684487587904425,3.0404695074228183,0.7666862040823829,0.7567454715898151,0.7679090323639104,0.7485716396355118,0.7740422067249514,0.7920912391268973,0.8099906496192347,0.8364901540523884,0.831986790974085,0.8669049384452041,0.8542628000669675,0.8374706542561031,0.12296628480457153,0.1316708231119362,0.13628142848513566,0.12309608976525266,0.11390387091935135,0.13303377374804123,0.12017873143879557,0.11823933584597088,0.11078311609209084,0.11531305470709699,0.10776889901083082,0.10405141061075832,36.1085547715658,10.01639850894461,11.664680247439849,12.335921960820981,13.122535177894997,13.125809515649046,69.9779139661821,0.3900132453304598,0.035028664574639115,0.11509013175964355,0.006632254458963871,Rock
6.499570861891889e-06,0.13011078207994933,0.9999999897137912,746.5607704163917,4233.564417596605,97.9368828261402,96.78159117526818,90.4476620328461,21.488585130629637,16.876062362819912,19.72921495623156,2435.708521771036,7117.5,-15.618344639543766,27.842385401125092,-46.879925589809446,30.85067590181412,-42.84284978897029,26.052587805192523,-39.30765109107362,21.230990452358046,-34.30360155546335,16.70552926263813,-28.690682844639458,11.742005937607702,-25.00762216093382,6.099741541277109,3.7274134823664316,3.794723486263868,4.2779789910503965,3.9816004438540955,2.926118152690997,3.2327146203533004,3.480415124301199,3.8950758571182047,3.590075952880714,3.4552180493862883,3.3407813650713103,3.4903576752945336,0.7304308333025883,0.7198925858785222,0.717306238244863,0.7639614220625984,0.8050943425546442,0.8018134035932958,0.8331807185251525,0.8765803770833019,0.8454086629037779,0.8274102695681517,0.8311674438393932,0.7677516418266298,0.12505625514319457,0.12576075757901506,0.12332043006201214,0.1392682372208043,0.12611936785900504,0.11805876385150149,0.11598915108521014,0.10581406177221711,0.11364483501787914,0.1145199874325461,0.12049201632248444,0.13188343609996767,36.06807525746323,9.782356791758424,11.438305251392878,12.525541087366701,13.529633620456007,13.607154853471968,69.34528853498433,0.38464776400862066,0.03267305603219845,0.12887133657932281,0.0071213929913938046,Rock
1.9098347422138055e-06,0.16776098162705105,0.9999999892822868,1241.139240941258,4230.12963043771,140.02835395808054,119.78266873027204,118.5904171062634,27.766547639854988,21.683128759929588,25.72050824983399,2440.286742525013,7129.0,9.93097271085002,28.03228198193504,-47.871647343256775,29.682198155045757,-42.673842952730354,26.0961967527306,-39.56825833224139,20.86812473841265,-34.46308033280514,16.66520920808009,-29.483985626126668,11.711488301937683,-24.836548427074085,5.623739855131911,3.8328175428351954,3.390841039533893,3.026878990065897,3.9445698333185133,3.30153483622972,3.591029821373314,3.4083554602493393,3.5412372075249867,2.7733144170360258,3.2632456528217046,3.821567771951176,3.1195009933359548,0.7677215698188312,0.6926463082673451,0.7071695908319223,0.7597664985161382,0.7709635928511519,0.7924410314806882,0.79388143410805,0.796757537419208,0.8550700258671223,0.88528290033043,0.877877028785878,0.8347266770134378,0.11260318138477839,0.12624735936072512,0.11994350307459328,0.12935955742026173,0.12150829134487147,0.12040368828475904,0.11834648794490535,0.1352072434968067,0.12309185220121159,0.11070358676260186,0.0971290743788633,0.11138493767536589,36.645256057580816,9.375722799435106,11.692990377032302,12.346761857134043,13.283827601361969,13.523861506163374,69.54132930509512,0.38580953663793105,0.0325867361475701,0.16615179181098938,0.00945303961634636,Rock
-6.198971637617837e-06,0.14466486363343511,0.9999999883856908,922.9213958551862,4248.619593382009,113.5648319666014,103.69825421143024,101.77067510519996,23.880837063422714,18.778365703141567,21.941775619552693,2436.5201180217355,7130.0,-5.586865302447297,27.206516691301438,-47.82137829164708,30.02205972997952,-42.97984127206599,26.203172200907662,-40.14862440562463,21.394735638327546,-34.5370027025542,16.26583187437361,-29.748021267074854,12.751205138370961,-23.84122880779436,5.50486118338993,2.958894764915145,3.998592655225067,2.5596867731149318,3.961370715597888,2.800148441207329,4.02649012692918,2.8971809319275312,4.093588533288225,3.376006028120551,3.033167977913464,2.8097769412801403,3.4821099728973874,0.8153509980240724,0.7384322759154865,0.734222786238222,0.7458444814236711,0.7833855294663242,0.787195644758275,0.7830097313663834,0.8178987935302675,0.8469904311365303,0.8539425160962424,0.8409714484610897,0.8527185084345039,0.10848520944479219,0.1062885292465,0.10070634797307619,0.12640796111353758,0.14623942661386516,0.13991206062904918,0.1355938539684751,0.11522939749420454,0.10867039205165688,0.10807447187639911,0.09571322290175284,0.10846386779847943,36.20647442485478,10.705509178436317,12.074904266569797,12.5036239290146,13.029093393257758,13.33802495442955,69.70557608873501,0.3871958063936782,0.03353940392322183,0.14324134588241577,0.007924167439341545,Rock
1.146408419756332e-05,0.12468945634538069,0.9999999893023613,685.6430148913132,4242.929211575112,90.92588978140705,89.01400005479886,88.09115060157993,20.58816553058555,16.179322006966267,18.92942938932459,2431.649777486871,7116.5,-20.027274016549054,27.437801114940786,-47.72685687999724,29.385151641291717,-44.5471695429341,24.890604802651293,-39.69595809858544,22.82246886798992,-33.43101622677796,16.00209586159221,-29.84951084153824,11.702655735456448,-24.794713037663502,5.844737273803952,3.306153720459268,4.284753569542755,3.413234357855616,4.0777534324580325,3.2420370989332654,3.160171445302267,3.1120951805291197,3.9032874594790883,3.187588031727028,3.1432461346272667,2.9514834743438145,3.4198436241744377,0.7740468152817886,0.737542837471032,0.7325100038974912,0.7535601222904968,0.7818146626352364,0.7979567310146352,0.8054703125595654,0.8223719441595726,0.861468661997585,0.8523206338279722,0.8565011542724418,0.8140021180086146,0.13599609229549223,0.1291916810800025,0.12016699431558936,0.10481732070010741,0.1153043066106523,0.13063211407541198,0.12910971143142314,0.12349651071378939,0.10422325363166891,0.11408996013381774,0.0989203294309506,0.12564668942529647,35.58005947256513,10.452044502017536,12.191684559074279,12.102507955129225,13.285932830525537,13.294410581102296,69.75430678656863,0.384417654454023,0.031807403596419745,0.12346476316452026,0.007083140313625336,Rock
-1.8388722980899016e-05,0.12182240384522931,0.9999999897699838,654.4748001797898,4246.329869838764,97.5143639005793,92.73868718583346,91.89441603179694,20.153084932926763,15.758425741899124,18.48411005031101,2440.8954203354056,7131.5,-21.914948685188556,28.10649959225596,-46.64908505895556,29.83122807364682,-44.120264194696205,25.33144165021398,-39.57164776948754,22.052154804866753,-34.102659433809755,16.56550445716408,-28.512633745635338,12.660675830473345,-24.25962588296535,5.7546733759923,3.133551545560176,4.373476000766786,3.575416206634336,3.746535969981383,2.6724583131004325,3.856520698496646,3.313733993878495,3.477090116811071,3.688637029303349,3.896641117056312,3.600117285697503,3.340234502667865,0.753755432498644,0.7100076029006059,0.7360390999653619,0.7581816302552704,0.8037900177314646,0.7839978789229782,0.8183724681390238,0.808396079935354,0.8361593832585934,0.8691743950447358,0.8598661383029542,0.7995549553669015,0.12434647993021568,0.1563995786949236,0.1413219294344465,0.12146164126229497,0.1277461782865612,0.12209433184927741,0.11998341825471724,0.1156339741900267,0.10642109231372578,0.10510154346089788,0.11838864664538706,0.10608742241358794,35.81903852968517,9.81334984242465,12.190001775869886,12.700662898292471,13.28774282020389,13.363876687125286,69.34567970305385,0.3889075969827586,0.033229184673025186,0.12061482667922974,0.006589840166270733,Rock
-3.995643022862491e-06,0.14063850445808065,0.9999999894199318,872.2622327907295,4240.856947644095,117.15704200092753,108.58000219253748,107.6235637210738,23.230812846446103,18.2370931871026,21.219518729842214,2432.387361475552,7116.5,-8.059731387096015,27.982990458928526,-47.023760786954874,30.72763401918652,-44.0350295789199,25.667625832390446,-39.43716468597609,21.28423402802047,-35.07120551887401,17.161205923133114,-28.71266835249288,12.733145415140891,-24.310128259058875,5.963902091492654,3.585537230178469,3.3372106077437302,3.442099114346319,3.6262449174372264,2.9778537286525752,3.1028601211005737,3.380180404559829,3.0308240738617087,2.8957736035142494,3.8365393680175863,3.3733710494079934,3.321997624658064,0.7550457594487281,0.7167639884149719,0.6973759645813097,0.702764380453213,0.7794280975406764,0.8074228150508584,0.7905459671013815,0.8044918909506473,0.8267235619332569,0.833538027959205,0.8507200740924937,0.8216280421280304,0.11387441157574874,0.13373503263741787,0.1411496272569134,0.13398235797352584,0.13905814618624557,0.1509636022046141,0.1316623724937745,0.12905682219408343,0.12277429350081549,0.11003747387446022,0.12458117677022995,0.11909486327408458,35.81170080781382,10.325088852015714,12.357780728859352,12.479435424150786,12.95733731845445,13.48234383299485,69.3638864486474,0.3858319863505747,0.03262181563828557,0.1392987221479416,0.006911190692335367,Rock
1.8980821502802065e-05,0.12066167180261819,0.999999990380149,642.062457649118,4231.271914201668,89.39891143252812,86.7969140544416,84.2261514577403,19.958730053833087,15.61126414404623,18.44110446474575,2435.9697646897316,7111.0,-22.85019836273139,27.965857343640256,-47.360539311247315,29.438492930219407,-43.542291324012226,26.8631641804282,-39.45616093382183,21.62148647623865,-33.64323594890647,16.830219187125444,-29.155471498421374,11.480566214787649,-24.901182947624285,6.130347493801706,3.2183258728109134,4.084175082164161,3.2879125015684076,3.3393361287236116,3.3880023310327605,3.0224394877482124,3.040455686891992,3.1461641507472455,3.016868482661202,3.009025445663439,3.2047745788368314,2.7810623752907517,0.772343493123331,0.711269072628944,0.7097768724016021,0.7401638130784031,0.7792260997079549,0.8118222071444849,0.8212744491587304,0.8292867946926611,0.833924033446261,0.8564509357935318,0.8627378491767765,0.8341539801665341,0.1189801093347992,0.14161798812313545,0.11881148667475286,0.11131459458523796,0.1203564525067679,0.11981917262169658,0.10621942971941399,0.10524298198257674,0.11223332728653855,0.10460303498005137,0.1002331082343463,0.11433902543311611,35.11942708058348,10.213620349894345,12.02204449929657,12.294155398538217,13.264903167879842,13.231699142320332,69.86216295206314,0.38652792744252873,0.0314185633339519,0.11949662119150162,0.006125163286924362,Rock
-1.2987883304700897e-05,0.12825267137146182,0.9999999899462023,725.389781622717,4231.775924040114,98.8960722278847,94.56364680453616,92.31698422966778,21.182306551685418,16.634292232908038,19.492134448738227,2436.082701948075,7110.0,-17.168462896533992,27.353578949161747,-47.197496854030874,29.83930128903073,-42.990193189298914,26.154011822869432,-39.31956695844111,20.99688159852272,-34.787924771651035,15.656638445397949,-29.410986972867093,11.183620979796796,-24.25708394552927,6.600052125544427,2.9740133087416534,4.963628932966049,3.7509318464516097,3.545851644749833,3.6207430372849037,3.948768317589756,2.945036620664685,3.7906055283958016,3.073367210709434,3.413082923080905,3.009782509745641,3.878168408697693,0.7260581864087062,0.713405557451538,0.7560026784513494,0.7865454908954701,0.784131196941597,0.7910889663307732,0.8372941977213905,0.8653107971756324,0.8665441960881395,0.8559180939834494,0.8285850285955835,0.7763236637639039,0.11608754091637527,0.10702521004050018,0.13036048181162513,0.10692181548461256,0.12626158401559237,0.11791136249204201,0.11104079540726938,0.10844018166294847,0.08985444045162849,0.09766267931604143,0.1175441368518991,0.1342212296988538,35.29469151164211,9.878016241617177,11.724917182115142,12.607263261958577,13.534696980937346,13.411009594224312,69.62824464189458,0.3865672144396552,0.03365655948015348,0.1270049512386322,0.00749965338036418,Rock
-6.877386665913556e-06,0.11913330794120934,0.999999991322925,625.9000592766237,4236.283699342386,89.79183699279336,87.19391562638829,84.83299038193127,19.698381651170813,15.423158614072875,18.134908754063673,2441.0310924955365,7122.0,-23.930581086516103,28.310156407518075,-47.14358690779932,29.226192536199814,-43.46113886376514,27.223204402218148,-39.24408838038376,21.46389564208762,-34.242468845727124,16.07255343126906,-29.39012606464763,11.376024418832943,-24.881966423344004,6.539894796895971,3.455487755397694,3.464881828125972,3.1373899240531706,3.9227689806254427,2.967580863371754,3.4248232925142412,3.414820864004319,3.031328196739861,3.1194257371686946,2.931471946657238,2.543198098813244,2.732481620766678,0.766270876482282,0.728905340612021,0.7318524129311592,0.7417607807048279,0.813496567091272,0.8340376282016738,0.8143804688257462,0.8336654937017173,0.8484890017245814,0.865513493326103,0.8713502855143005,0.806930836897517,0.10772330818967188,0.10874512007951181,0.11888974101718261,0.11495387063517934,0.13119699302289833,0.12014268936922166,0.12468937578749545,0.1032242981401259,0.1095668566631807,0.11043396692044843,0.09898942091037502,0.1126499931485052,36.629981705904854,9.915249586317033,11.671377637442717,12.40648384784301,13.59055756948764,13.331970278631493,69.93978992859574,0.3852033943965517,0.03334667726455537,0.11796627938747406,0.006496537942439318,Rock
1.1159527125594663e-06,0.14361399996922644,0.9999999887478154,909.5616615887188,4243.805880125199,118.82207139826241,117.0537787317673,107.01166533525284,23.74450439427285,18.594627521826034,21.853993755482662,2433.072894973079,7122.0,-6.077209125440456,27.654457172704742,-46.36946006190879,31.21298286722019,-42.95960159886138,25.795664625120125,-39.87789895152354,21.434336189713413,-33.715981906344744,17.303280721389253,-29.28528627148463,11.955024273842739,-24.442846041017162,5.9779938697372845,3.4655050966558574,3.8063978079363308,3.2656704812305746,3.296996765201979,3.6651146378489585,3.3577761709938976,2.915892521665676,3.6791051240425308,3.5938865771273547,3.275468950160783,3.0983498276818606,3.0657774496473107,0.7672873553456663,0.7547637155848701,0.7122054804856055,0.7238585200614914,0.7505828100966051,0.7975918584158362,0.8264749763579448,0.8259124815199256,0.8408122001516924,0.8536508124782078,0.8635147016983884,0.8137509821996405,0.1266113694990935,0.13652588422117584,0.13142577954925283,0.12284417234315377,0.13090874606251238,0.12000971100214011,0.10814827789360218,0.10991550405524605,0.1078170435962909,0.12144503906922278,0.11514965079793636,0.11729233646099904,36.52636922565798,9.663628702084624,11.989733752697315,12.10432627020751,13.428427038100091,13.31093967479386,69.84853225601505,0.3897719109195402,0.033427378065959905,0.14218854904174805,0.008130990900099277,Rock
2.154284645415458e-06,0.12945012967617048,0.9999999894372648,738.9985210317868,4240.301705612777,98.5147035032249,95.80482967718747,94.42159532433317,21.399610143646765,16.76470121798595,19.79070943442759,2432.8739515224897,7117.0,-16.49798281338811,27.685349932578678,-47.43494280584862,29.67472578017578,-43.84802477837791,25.826216940796357,-40.07721022163114,21.70138342045256,-33.96100479681058,16.65401818460139,-29.943330724588453,11.386813768846679,-24.4699768640337,6.1528727501489975,3.5330149572905873,4.546169377191819,2.891380138063021,3.6669647703697197,2.8279466939434457,3.737559661019947,3.1854188299164132,3.162884782580634,2.826423729711415,2.6643084284764136,2.9513504266204893,3.5019322144148903,0.7985869852320736,0.7212414251883544,0.711260418461284,0.7241433053798526,0.72993124866907,0.7529384665082178,0.7928492319412769,0.8175959174105631,0.8456356212894235,0.8911234503340985,0.8753708655399434,0.8491005205809399,0.13883258398613907,0.13216701669596995,0.12752598434938026,0.11401859671423309,0.10729662685154923,0.11801936850297756,0.13169173202034284,0.12899507183109912,0.110502472874102,0.09731119894384846,0.10333437472039474,0.1075913164310442,36.91992329727358,9.697900694583607,12.147899734349224,12.465507133491139,13.54279359626235,13.54670355706951,70.03349377249657,0.3904229525862069,0.03349120843151579,0.12815426290035248,0.0077856057323515415,Rock
-2.1587215725584133e-05,0.14539365684270383,0.9999999876596907,932.2438319000892,4253.330046242548,106.2630576964503,104.47376954637507,102.3183830122946,24.043370543261727,18.819144118945665,22.184080493068638,2432.2365146674824,7128.5,-4.9820644321977605,27.71228866267021,-47.230833377227746,30.594558197698692,-44.09531227162305,26.221379442202494,-39.87635738849508,21.140964267653047,-34.998901111318595,17.225073540625175,-29.14965228969239,12.402839681446823,-23.6322004698351,5.727938387849541,2.726666366806743,3.7712230070303714,3.3691665889549136,3.7768058518734327,2.6966975674160456,3.482133922449293,3.1798436193312316,2.622080994287031,2.8878548220294644,2.560083856292362,2.9414160370178735,3.7075475597324346,0.7800491074504979,0.7231342738011828,0.7125103247582396,0.7390201218978644,0.7497524130691009,0.7850674587707492,0.7993775348515628,0.8479038022305972,0.8400818305168549,0.8523298155000665,0.8673347134536233,0.8558464575229954,0.11756761209412625,0.12765534373446105,0.10554819625007766,0.12260539405818285,0.11435735778135402,0.12497262267567427,0.11380711633399611,0.12453615081536541,0.11512220224765288,0.12110109910030613,0.11127889996022253,0.11553673862913316,36.484829866545695,9.945738958294019,11.682694587191806,12.573890528115228,13.276904147369526,13.59010236161575,70.05539352484847,0.3881723688936782,0.03212128310622721,0.14397431910037994,0.007980689406394958,Rock
-3.063820002869196e-06,0.14900148986359543,0.9999999886386812,979.0836800012532,4243.265226523909,110.959369032215,104.08420417866398,104.04521286435717,24.557731870586355,19.39075774104168,22.34177849710278,2437.1040940488383,7130.5,-2.564327659091669,27.486998185441028,-47.62607925621233,29.511929211428015,-43.480913280093986,25.330838650732517,-40.41955329492967,21.8240407689357,-33.94462414754065,16.7354227561626,-29.163444117422184,11.635584120161585,-24.367994781941277,6.000549248675189,3.0793491087640485,3.488282733077588,3.437972282697836,3.8292293920800353,3.4567806787745896,3.7345651335973455,3.2664908566416653,2.856818648367343,3.379547542431753,2.9252768043331905,3.4046054709837525,3.490342921964604,0.7224419264295598,0.7170663772192996,0.729719466627688,0.7485416317994081,0.7642236513359659,0.7805696829564785,0.8070617158933925,0.8252534325630061,0.8398800133329594,0.8710001805835977,0.8408465014940096,0.7958245910955907,0.11087881334784694,0.12605040073097507,0.13838022380185508,0.13468878592494352,0.10297135489306436,0.10983079315316877,0.1430311969753914,0.12357269259661086,0.12147346826000997,0.11208920554945144,0.11426115754608185,0.11616232718391203,37.33265647089258,10.43220848060665,12.18961777503776,12.345855876361911,13.102396737020394,13.402723576283751,69.83913503903321,0.3884473778735632,0.03201127898101887,0.1475728303194046,0.008522281423211098,Rock
-4.732811076083678e-06,0.11698951624442394,0.9999999897300466,603.5767197675191,4237.397886460323,86.86017109049256,81.83163898457052,81.33077175701368,19.3495843435721,15.138371985317931,17.85707475312618,2435.2008944046556,7117.5,-26.162324273746012,27.39394886063748,-48.125824123646254,29.678587242231767,-42.586141192043605,26.691586401168525,-40.20061749865589,20.514244958055038,-34.08936099040339,16.915549855968564,-29.106204200452247,11.854890935586825,-24.229650906033807,6.299590360435787,3.4700147326979645,3.782490845765756,3.493013362350682,3.7957215959415476,2.9075199524763065,3.4679214495540682,3.404459040877871,3.1725731916376554,3.080240193994284,3.633985280270704,2.9021146644830975,3.2421960128742935,0.7755281004861195,0.7004545883228567,0.7280682608720356,0.7746511639155943,0.7596915316589514,0.7752146436655153,0.7796515399489135,0.8409496673079735,0.831340190912532,0.8914913958920377,0.894090896968041,0.8465272521241379,0.11981496814640223,0.12720859160895107,0.13178158843624643,0.11560311782359096,0.12995858611573197,0.13387778383809887,0.1171551790446003,0.1293225572717952,0.11123679896254127,0.09693636990932603,0.1028318469271052,0.10738411749878038,35.698645734186655,9.91778274968007,12.131060785152126,12.505537876661762,12.765390101026293,13.547827319055928,69.47643619687706,0.3887728987068966,0.033470711861731735,0.11584307998418808,0.006820191163569689,Rock
2.1022838628030748e-05,0.16939434943431647,0.9999999889000595,1265.4250713445658,4247.110492307537,133.99918548478328,125.39830773704887,125.31012047802788,28.054503583292533,21.871669331345984,25.994064646613204,2441.9212745550158,7123.5,10.894381227094282,28.098320185293368,-47.21192128781768,28.946198918309495,-43.55695332452833,26.790588052082832,-39.61398917839485,20.959308177534254,-34.50608447951645,16.773708775060637,-29.357474200112836,11.190087746421378,-24.787823955812577,5.606568931943606,2.935548779860358,4.409647118879052,3.2974697651037697,3.9365873137915477,3.9895384321711407,2.952821335752866,2.7231261854237654,3.0865474172002263,3.1846597104369696,3.203905357817587,3.09091862459261,3.6003485358274094,0.7600202258945978,0.7097128967124519,0.7144218998739915,0.7288588383501271,0.7704915481121155,0.8097056982520602,0.8244189523237526,0.8342347183194027,0.8665392546853184,0.8837303944530155,0.8888019764689908,0.8208236616165117,0.11261045824971239,0.13718336188304717,0.11771824397239035,0.12212722933683291,0.12787973921335213,0.10512041805363022,0.10121424104404313,0.10384412298427982,0.1112271071220802,0.08523135045511306,0.08889178795065157,0.11000080048024344,36.648066222274075,9.638232609367844,12.016610431028479,11.759492864219732,13.268559390394048,13.47488928981055,69.62701896860042,0.3898785470545977,0.03247778870333575,0.1677289456129074,0.009083623997867107,Rock
-1.1171716518117656e-05,0.11913184427813174,0.9999999915268918,625.8846832649078,4240.528341256569,96.85663893338982,92.91643253353209,90.73823661936945,19.689771019944033,15.433651723393126,18.13250805530501,2437.6929034486934,7125.5,-23.882919917164458,27.739270920440035,-47.20564603731368,29.84170920714152,-43.41652433712086,25.27396919310038,-39.52169455696132,21.17882929976746,-34.73611379238591,16.01221343542393,-29.260435073254847,11.535595905766499,-24.23730478909954,5.259303002950135,2.5585122966508846,4.146146242796452,3.4418005512279493,3.8552729078266452,3.6152634592666226,3.8735391113683475,3.260910810679292,3.8239668410693874,2.9503104084291683,3.5312929094979424,3.377041261940987,3.492239893630139,0.7584703049622459,0.7420256872189073,0.7237296732846117,0.7511128503035112,0.7788138580736053,0.8094660760962206,0.8506054466477805,0.8493374412172107,0.8510329709159867,0.8617429531493658,0.8544146378132961,0.815026396048677,0.13640171689786418,0.13370194052833212,0.1259642127529714,0.12537847672839803,0.14427016644017931,0.12447070911449905,0.10295905038040257,0.10052633409641423,0.10767926821995268,0.11482820482773096,0.10765957505558575,0.13522265787722462,35.33323544531764,10.252828578823982,11.568857192168498,12.062408274078484,13.664833183362678,13.547250364420979,69.77591874045851,0.38759990122126436,0.03139967221903543,0.11796058714389801,0.006838947534561157,Rock
-1.0257558459841924e-05,0.15233111455629916,0.9999999904914982,1023.3302938127194,4240.141894607455,115.90011875986862,110.21565820691214,107.0937484440926,25.20452248940974,19.69929804323669,23.160233145090295,2433.3733076490303,7120.0,0.11201182014222826,27.869999215984024,-47.33046044020829,30.000043858717525,-44.324320638608526,25.891256384668786,-38.62528004945303,21.45112964548607,-34.128950606341384,17.154126501468937,-28.467178681889116,12.865232138641202,-24.51817044844829,4.902739123818675,2.9186918043928833,4.070728985455614,3.4629651556532752,3.8790650550442214,2.8055782030913288,3.6025898984672096,3.590724404205733,3.7208165099258927,2.9474708016447084,3.497045161837781,3.212656084040619,3.19681392565071,0.7814915118243034,0.7264025792490427,0.7397429666817995,0.7628218934721649,0.8041386532010767,0.8072711262541669,0.8056303290786548,0.8153061464965446,0.838150379256946,0.8792286342289628,0.8655212716766584,0.8506623451096239,0.11943034576790822,0.12985937269123857,0.1378271011631436,0.1130121221585692,0.12467640199240321,0.12945612515289376,0.12543151935406832,0.12243187439426902,0.1227379034125547,0.09878145381917457,0.1064654182335491,0.10723553892425763,35.17208019288233,10.222947769156884,11.871155581924906,12.164251546279313,13.356234587225382,13.505230903203326,69.49384183608116,0.3882621677442529,0.033260921792396744,0.15088291466236115,0.007334834896028042,Rock
-1.857076501855523e-05,0.12486507637434417,0.999999990710869,687.5757850494258,4256.562745683802,108.0142991968012,93.56428985035926,91.5283558346785,20.622194253595254,16.195706349049996,18.85868311276701,2444.2887196692786,7148.5,-19.292564941780558,28.052156186689636,-46.630161748579944,30.269286869906452,-42.726808020897735,26.047058258409976,-40.22153555073743,21.60093470906293,-34.37328047557059,16.70967821332979,-29.61673239531045,11.3490785385486,-24.63862696054252,5.370030211734458,3.2962449257678315,4.425872064882613,3.5811285370044676,4.076179239240375,3.24176160704342,4.175402507246674,3.436019243908787,3.453824545655542,3.324717054990976,2.9919343451252294,2.821328227784004,2.89117572359927,0.7389425641365076,0.7222440281838922,0.7238182322741846,0.7337089163256796,0.7673752094972939,0.8052450917689724,0.8466845927382644,0.8499796143600543,0.8707186114254756,0.8718142546723566,0.8891084776920071,0.8054299537510806,0.09939108346606544,0.1140271724764267,0.12061819707991886,0.12173891747953332,0.11605756219337451,0.11084348030563497,0.11883114737294213,0.10785321472096158,0.11254099753636083,0.09510867355469958,0.1041199227390124,0.1149183407939366,34.72932637974018,9.762243374222267,12.297878324105008,12.323131307891195,13.42308625115987,13.316834044056254,69.61696132809553,0.38906474497126436,0.03398710684286152,0.12364009022712708,0.006460750475525856,Rock
3.567667920049555e-06,0.12118232132920367,0.9999999911004726,647.6153361819017,4248.02446851674,98.37953967794152,93.76212047050618,92.68854387014979,20.022155316097127,15.70759794616542,18.536913793111633,2434.751115245204,7129.5,-22.62314438462333,28.02576667844914,-46.71138660955633,30.306656832244208,-44.0044525720935,25.696919150057646,-39.3138319399993,21.865019218343438,-34.871118016604214,16.73955714707926,-28.88372763474499,12.736045253353296,-24.332560773199816,6.669065155882825,3.193152533527461,3.686350348925789,3.281499745620196,3.0170503656897103,3.53363106416201,3.3658768496946188,3.026150175398564,3.2904315889686795,2.7886044519733786,2.850555107408905,2.7539151127550703,2.9545076447801497,0.755653359486957,0.7184998519670923,0.7145315089450323,0.7608610378821683,0.7983422850598898,0.8197178288663912,0.8162374367339359,0.8256735545311649,0.8411362565448595,0.864149722690502,0.85456362872182,0.8401441233710183,0.13222235495139112,0.12039544647710558,0.11097244613730305,0.11723856686584401,0.12877498250291397,0.11517122577410212,0.11761032067000297,0.10739957605323447,0.1100395689906337,0.10761637894856556,0.11136727164276829,0.1158434816665588,35.72307249370912,9.706692661160004,11.694584347754455,12.364924651909277,12.910063047880877,13.475408761313918,69.68315522005938,0.3910234823994253,0.0312606555473837,0.12000121176242828,0.006877494044601917,Rock
-4.7660074764964577e-07,0.1216880370420611,0.9999999901902431,653.0318456485337,4249.453606219515,96.63525714644224,93.3361621011125,93.0875403474452,20.08432964523791,15.800365449482879,18.402832842715778,2432.2787780567587,7106.5,-22.64472921650832,27.33454216071985,-46.86438311337349,29.769933796476067,-43.39079336528651,26.717137061356347,-40.35806875276069,20.795816741300502,-34.39676806322083,15.700567176175975,-29.476016723766975,12.408910268486075,-23.672819656774365,6.544431816565847,3.8155617788339233,4.065891147905832,3.399061197009737,3.431900159733313,3.1421276455917386,3.4468724936504302,3.1738539835511457,4.151863439737877,3.0276735814541,3.035861423124363,3.067883761158401,3.2670521552866085,0.8020540125809431,0.7799775729013431,0.7406700688630266,0.753676545455611,0.784021651791436,0.8173686492088893,0.8132214006048994,0.852207011683001,0.8484341941784846,0.8459349731389957,0.870030551283875,0.8540937563933876,0.10546832275421943,0.11580677069428479,0.10581260391840519,0.11752643441402519,0.12327154364948578,0.12947424121935078,0.12705529094003407,0.11756892743933112,0.10623104611811288,0.10537738325727025,0.09441717052608897,0.10888829712757708,36.781176100142694,9.840707740617079,11.998947279089212,12.217647252426413,13.449732919755618,13.191733648089372,69.6258775923212,0.39293732040229884,0.034050313490312734,0.12049579620361328,0.007134254556149244,Rock
-1.1229896558418488e-06,0.10834242628235925,0.9999999890491621,517.6493868298214,4240.464081700871,86.07616632364865,85.03418622406728,84.04013675263678,17.900074521093636,14.044099078733296,16.484280817267386,2433.449226948029,7120.5,-33.900514494013585,27.099243459654687,-47.95514344764657,29.440548415858654,-43.513882272329674,25.41979391090662,-40.299664603708145,20.986837733642467,-35.051879801795856,15.775529922515371,-29.833630013170392,11.758645908270609,-24.105347445343266,6.207046158564776,3.081636536308599,3.745753309214375,3.611908666421236,4.366531021264143,2.941212775278666,3.661222432975123,3.4599422232057897,3.0151237998537734,2.889923205825443,3.357999805934868,3.1105349502589634,3.3226242740884873,0.7675807997306112,0.7195676475672006,0.7145364938319755,0.7303189556449392,0.7560415964629842,0.793200818204238,0.7821769459773265,0.8002590848543845,0.8155253503876274,0.8677385994327094,0.8580790374532588,0.831604577289608,0.1357615982908103,0.12347801945424443,0.11501107738363997,0.10906083571943159,0.12630788885599184,0.13528676641026233,0.130320776528388,0.12200068070618,0.12282515276470285,0.11732678974872468,0.09882706153848038,0.11966967946511446,36.88299765073414,10.065734999074701,12.219191127017417,12.195172885185656,13.252678160998023,13.414542950632654,70.09066151542223,0.3877065373563218,0.03226004764407688,0.10729866474866867,0.005873704329133034,Rock
-1.6315322824616637e-05,0.13738041744721238,0.9999999904641218,832.3160299594604,4243.066071353783,104.93198895871589,102.27393386468484,99.23696173739995,22.71685524480584,17.78371528728149,21.0273786972069,2439.5979058173148,7137.0,-10.558579553137038,27.113089474560894,-47.518005820057624,29.75118022036296,-42.537733679512236,26.859650624499217,-39.96790036146093,20.827683211787427,-34.51201310811855,16.463788551264425,-28.763352709011457,12.31134486330801,-25.036452767993666,6.325905282731641,3.824670040862342,4.598817593007657,3.482658308908014,3.9333468849762814,2.53347790154249,3.488369262022516,2.9019462779838525,2.940636892135765,3.2488754320005966,3.473935870972921,3.337016681950304,3.27233993771653,0.7671678495491853,0.7246424442884435,0.7351331816183362,0.7363987723461602,0.7703338873014355,0.7789104094234769,0.7964588293546959,0.8477114444541374,0.8263411482115224,0.8541950269970634,0.8650810290773034,0.8239591919347946,0.10990786187794054,0.1218871200025724,0.14343129773393548,0.14389729528513728,0.14137667089131814,0.13062524938461273,0.10419545246707879,0.11206845963506148,0.10976814061808988,0.10142738492593101,0.10978846391153989,0.12185708299524205,36.08679914560773,9.86040622367486,11.42885321748697,11.945529854908132,13.256902005012336,13.693345233556311,69.29512903967259,0.39164084949712646,0.0332206359776361,0.13602033257484436,0.007662082090973854,Rock
1.0888939778477365e-06,0.14308690224440285,0.9999999897452182,902.8972963432481,4235.651756096265,106.71032494550444,106.17267083092041,101.0301743795409,23.68786868573217,18.4873517114562,21.959406669183075,2438.1119302893194,7135.0,-6.02643984490094,27.837542204930006,-47.35857980806324,29.618938375004117,-43.22807072367728,26.10183242087632,-39.07677504067868,21.060882987374427,-34.19478428758794,17.094246443862136,-28.501801383922093,11.823335783167074,-25.00599128662921,6.084650115035676,3.4367685418609457,2.9263980319740055,3.7043470753342556,3.073270826699971,3.9901264194571047,3.006620199354176,3.2859107301634203,2.974049545946998,3.5203281983759935,2.8878280180420215,3.324153319543714,3.534907465670569,0.7034066557971681,0.6872673718590719,0.721979643053177,0.7763681606572,0.8002309294406309,0.8206645196151837,0.8116344791764033,0.8326291342925249,0.8609607405478265,0.8569823715345709,0.8309760133822911,0.7815394986929023,0.13717374954219907,0.1453631155421084,0.1389215829606873,0.1369588160781759,0.13198579919701875,0.12950185133566847,0.11545190968084286,0.11056676227694157,0.10891318188113397,0.10031909753995606,0.12800382632243987,0.1295407030366759,36.626507827492276,10.159358714970764,11.64754086763892,12.342009181972578,13.45559405584953,13.535903896792034,69.60141659096432,0.38604525862068967,0.030777548974004865,0.14171379804611206,0.008036014623939991,Rock
-9.680665673818087e-06,0.14059689719831364,0.9999999877911682,871.7462029619232,4248.582635756149,105.08100310963606,104.86311387823369,103.96803427946914,23.17210630391165,18.2975325256084,21.143573994375345,2424.623071447363,7123.0,-8.64987460593284,27.2855840693185,-47.87069362756566,30.530971030121073,-44.10926460116931,26.12709102235677,-40.25779113056153,20.874931865564157,-35.13443217946214,17.36379404413882,-29.091756385507246,12.656635452501726,-23.85552052093951,5.9392779964077675,3.469250379490501,3.215610372001133,3.125762215376112,2.7448733871126487,3.343163717190452,3.8441074151666657,3.1426425707078334,2.947168751165691,3.3462179905615685,3.556606937642025,3.17128992648166,3.394934067472186,0.7532631948798173,0.6954785709886621,0.7089868521595417,0.722675585958226,0.7560819033217906,0.792118038434955,0.815060674350165,0.820185706844761,0.8270693151932709,0.8381713065344054,0.8836687143433773,0.8452451761031952,0.11263741709258492,0.12299490794883558,0.14175768734481156,0.14066796037917637,0.13108551315489553,0.12774266283190217,0.1282673763904731,0.12514127833682515,0.11127098284388223,0.1140072577189221,0.1025761551843016,0.11867482869600503,34.53954087074353,9.820614856259247,11.253220431815365,12.408379731427468,13.241948644889806,13.362800055892453,69.4176764937612,0.39058571300287354,0.03483842980400415,0.13923771679401398,0.007853136397898197,Rock
-1.1500860476204018e-05,0.14420217038201338,0.9999999895642426,917.0271339142474,4272.330500547986,117.70833276404412,107.14504879104992,103.67888920947532,23.835202210167907,18.679140100035983,21.911661635174816,2433.4711020498635,7149.5,-6.006355161151612,26.48954877400231,-47.70198395898308,29.281944804018224,-43.756886990224544,26.808385719233264,-39.09276166837419,21.132771936106746,-34.33314930720698,16.83282766482552,-29.635480736770347,11.46881762438367,-24.86825081030787,6.227114513844059,3.653424644953828,3.3658865012959938,3.415183405359181,3.3098716441941263,2.93940078706945,3.2365149093762624,3.273518558373878,3.6218154492806796,3.123054558499755,3.5769228736511858,2.518081559723844,3.1824837665165977,0.7327357003941897,0.6748055645304278,0.7258351942336326,0.7506621888641264,0.7891578776892946,0.7891575460193131,0.8136088933734766,0.836468203475961,0.8606073219426686,0.8576801651199286,0.8805618563695701,0.8297272167388674,0.12402744373278057,0.12708238973850755,0.12668018126485883,0.13151088479942785,0.13670993264172876,0.12590716296700966,0.12793141090042287,0.11838089651745949,0.10373342349141255,0.10979717582657707,0.09870257988390901,0.12411482374656387,36.300261815796475,10.06533166328924,11.85565585509848,11.97422465123267,13.226968443900844,13.792299047017973,69.35848862321535,0.3893565912356322,0.0316676552910228,0.14278557896614075,0.008499772287905216,Rock
1.2726486720644135e-05,0.13280304386258254,0.9999999903056453,777.7762041918547,4250.982291854284,107.8028116647599,100.56827079143991,96.94514904675181,21.968523397699673,17.1802267434377,20.274406659479574,2433.905457791376,7133.0,-13.944674800697783,27.132387879198717,-47.78760263642723,29.317303783378623,-43.90083789776637,25.787664891523704,-39.505966655375936,22.01423260600824,-34.537463267371734,16.025223188757654,-28.997487082143238,12.35137936531547,-23.946337818131184,5.567300578430592,3.355080330549651,2.71883608520526,3.438514663370927,3.0356538837191955,3.277606112970009,3.7165507037192347,3.8849562369243964,4.024817904836643,3.684217769018588,4.039423918986681,2.774955992192436,3.5267988649668727,0.7539574797320455,0.7310470240892684,0.7276901634147961,0.7554026490366862,0.7926578100398924,0.8259390980370457,0.8299126364001926,0.8228037618175482,0.8332004378482294,0.8477882131942316,0.8748898786570377,0.8299446802851888,0.11510111604135931,0.1160243642974597,0.11304574071547106,0.11504413079254096,0.12691678298963047,0.11952817851676949,0.11777458797326176,0.12499032489867645,0.11922265708009416,0.11335427841653696,0.11806110748315635,0.11807799724885763,34.873927654393135,9.832309582643928,11.973863277482815,12.237048699371512,13.492537560478643,13.550984409333202,69.37209248248767,0.39023213002873564,0.03235529251877268,0.13151873648166656,0.007248458452522755,Rock
-1.9781804986104883e-05,0.14420210437240757,0.9999999899102403,917.0263057866987,4222.287542507331,109.52777563325868,99.2692953463595,97.9970188250374,23.81882605830953,18.699995934926122,22.00280720178205,2442.3327776277074,7115.0,-4.865331902986788,28.837630219000538,-47.149455969572735,29.967937870342055,-43.40822763931802,25.67375650448966,-39.82611329252225,20.8944435073566,-35.07860050112669,16.778090861987508,-29.223993573498795,11.553219782230338,-24.63222097542107,5.380110951650947,3.7466425258550395,3.376812851867514,3.481739901100614,3.914658207384254,3.6043490350249723,3.5042680580325785,3.1717392405011555,3.6301280607156086,3.150116103154926,3.957307679567113,3.2873933757728637,3.5739632358430393,0.762101611057326,0.729850497657663,0.7333515706712377,0.7167539999532956,0.7363601756886887,0.7811406615279493,0.8109919800127044,0.8325100991095251,0.8768111059429192,0.8603907713688262,0.8434086283676258,0.8020460760616052,0.13274471770042623,0.13601686557783466,0.1379172069754654,0.14443968049467637,0.12950784146433586,0.12430175105325643,0.11974055193760923,0.11417145622458665,0.11807224362283164,0.09996494428589343,0.11323195595280243,0.12065097569231395,35.7908638975621,9.752065547344706,11.907971070329385,12.276198871116774,13.44377018607993,13.485115428018322,69.53888148310776,0.38204359734195403,0.03186341897745677,0.14277510344982147,0.008095375262200832,Rock
-1.0403947698831396e-05,0.11613706346144591,0.9999999906946371,594.812756940131,4247.135042487652,97.1076110113886,89.42694381562742,88.59154483168214,19.227649479822936,15.003674788377188,17.758519084177095,2433.838815442046,7127.5,-26.99049070604928,27.43474845987744,-47.66675055343372,29.506270609477703,-44.475538528918605,25.414015338983795,-40.103051021740654,21.04050945639912,-35.29911380337744,15.97530272555247,-29.89297822240878,12.067352581498277,-24.2734608004744,5.581188959636722,3.062107125442069,3.11103749189856,2.953022987504726,2.8178868355376907,3.2285814800715076,3.628095235550679,2.820380160143982,3.3116918376277384,3.3975282341299615,3.381028377219577,3.2022877567762675,3.365612300753493,0.7482194295111709,0.7219384662238733,0.7260284107321786,0.7842571837815332,0.785492177766843,0.8030133624664263,0.8083126914067205,0.855283606393698,0.8681073306641974,0.8652072894410119,0.8600987873369377,0.8090672243359727,0.13239425116540826,0.11896196655508413,0.12021802302786277,0.12747698038636557,0.12546691962783624,0.12667037410375007,0.10688037809971432,0.12257699329246019,0.09737249238727005,0.10143423550756744,0.09050522207466848,0.11584701673698651,35.94464230071154,10.444588046745759,12.303849303964608,11.946468147330894,13.108082760072726,13.7119849642777,69.44965262056505,0.3879815463362069,0.03171185312803756,0.115031398832798,0.005575666669756174,Rock
-1.4062026606603627e-06,0.12862109396939803,0.9999999911631664,729.5633144795195,4243.001911463067,104.56746213567253,94.90982845547356,91.12609581542934,21.21045783652203,16.723629777408508,19.342398976210752,2433.318397226373,7133.0,-17.035439753209776,27.214462216656333,-48.1709263150899,30.081935107796085,-43.10985962892613,26.227264223169122,-39.45639905007561,22.348435441919772,-33.641353892034154,16.883821932941498,-29.864003095696305,12.373354527458,-24.25090944834486,5.957501116332874,2.8640169333566026,3.944538261436278,3.0643692492826724,3.299252948320761,2.8552788277216985,3.284020340590918,2.5086227626931827,3.186176669280789,2.9363133657170755,2.9166478201642403,2.8622123112615956,2.8832225256672697,0.7882969743151972,0.7763434802779773,0.7307642963103639,0.7218002978043935,0.7530018654064827,0.7742153774206385,0.7914680497203055,0.8295403694564129,0.8584615218758113,0.8743604576023706,0.8801318716767318,0.8621943913385985,0.11344385604496932,0.12988636389887281,0.12342577800514039,0.11394552779857414,0.13555688829651458,0.12080116236188407,0.12393890183924353,0.11689032432329052,0.10784664452439154,0.10923663863197478,0.1043017326942068,0.10850556616744655,35.92397014406465,10.17756641788468,12.195575493267427,12.25711207783762,13.091527918835055,13.470400451056998,70.2040331258286,0.38868871228448276,0.0330304610292517,0.12738794088363647,0.0070541431196033955,Rock
-4.461387560020471e-06,0.13908472336655442,0.9999999886656594,853.0951089590031,4247.068177068798,116.83483147025059,115.7178178713876,111.8938243570509,23.02589484558357,17.96950962831565,21.20799658111108,2432.6351183521583,7135.5,-9.332453718259387,27.481760648582064,-47.83674058922923,29.331872668793142,-44.5562556079583,25.54818721375796,-39.328133982385275,21.57419992593553,-34.4661545706189,16.69057863630693,-29.840834534396954,11.508305640813344,-25.0648617541901,5.034636898903175,2.743677527804278,3.434545595971939,3.536348942745711,3.4665839399813563,2.5152231744012714,3.9765725482247385,2.7500599270256436,3.3351147978767757,2.7438920357167245,2.9159388150109753,2.6082482423917854,3.6789556541957666,0.7827444337357529,0.7087282701062207,0.732272375900583,0.748689724305807,0.7583033173234627,0.7755621394198018,0.7926783119347383,0.8125404084982989,0.8397788331584775,0.8743567009203181,0.8803574339430891,0.8343463753258661,0.13440920702376402,0.1215229029727841,0.12901664174570673,0.10786400336973978,0.133039055888437,0.13841274450847188,0.1427083112680159,0.12906293913825231,0.10895202391747638,0.09603841407835272,0.09548633544013553,0.1164710048761914,35.81007684312387,10.182720219105578,12.295044816320841,12.249639043014536,13.310615719199658,13.306323082206154,69.48418461272321,0.3874034662356322,0.03337940395685507,0.13774847984313965,0.0070150564424693584,Rock
1.0143107016920097e-05,0.13508831105783703,0.999999989281625,804.7743682317624,4245.312724273341,101.56557070252322,101.21415397595084,101.21073695905696,22.324328268334575,17.50424920219866,20.59012749583621,2436.8649187034434,7134.0,-12.123701297671277,27.81489496412333,-46.879054572735214,30.305823761794674,-43.74840191919639,25.610267806188393,-39.54352576975132,21.78676278654858,-33.92063167775881,16.66779288849373,-30.21530711270849,12.2811418293133,-24.314515909531224,6.276808653133942,3.104393634443796,3.0131609604103136,3.9589790966837644,3.0733300187158745,3.370479968138536,3.9921705653902935,2.645339285745857,2.714995774893145,3.329213834911311,3.4572355853158405,2.948595018046003,2.7719806001370224,0.7762613905463362,0.744217374085598,0.7619767870739526,0.7501764759822468,0.7507874152676373,0.7632476446697215,0.804782800474904,0.8212253935328462,0.828991458935994,0.8402106552295796,0.8750364378616777,0.8592193090036864,0.13000623879127865,0.14171867295853618,0.13227467016148212,0.14612535366938686,0.1316543084433384,0.1382616325975485,0.14096814618565748,0.13377553572398865,0.12054420467631656,0.10610052812895976,0.09337609729135561,0.10480211253900372,36.108609052618355,10.286175692778208,12.29942007975815,12.465110237861042,13.234025765509752,13.695432217548468,69.5481382435697,0.3882172683189655,0.03217684506993013,0.13374920189380646,0.007896472699940205,Rock
-2.7107904392888307e-06,0.12890180316676364,0.9999999883213233,732.7512616343237,4235.676252367114,97.12829406018014,95.17011548664978,94.9307128782543,21.268899545193534,16.744705837813697,19.53938938257116,2434.5483105043913,7115.0,-16.525204897380718,27.451577642990454,-47.474677338793235,29.635797015365082,-43.982238855875664,25.08012478679713,-39.71750458119799,21.39386511576763,-33.94359881085858,15.854551611476836,-29.405868511804094,12.491876503724763,-23.465120010877623,6.161183653007571,3.3731050705721155,3.9486489998380145,3.1724774393578996,2.9378239904177703,3.0239508797784644,3.5703337590913025,3.859817183341828,3.6928546085649376,3.8198321119970267,3.4679995691350984,4.210292277141477,3.2666812579165647,0.7664227621219026,0.7525024612503555,0.744185581542668,0.7530159860779889,0.7777222976089527,0.7721984944969283,0.7908207317987045,0.7803167492875746,0.7964815554670142,0.8528375471747853,0.8684797391713442,0.8444380761425015,0.1145219138652104,0.12459673764193568,0.13916637971019205,0.12796271900350276,0.11918084749481768,0.10961974970461025,0.13766609195574983,0.11802343411304782,0.12087782053669252,0.13731732185840398,0.11836366770047396,0.11482583612064781,35.39938324605309,10.158688694233748,12.153798338481932,12.121901673856044,13.442199435000227,13.321791966299486,69.30520994487446,0.38861575071839083,0.03474455508463232,0.12761731445789337,0.007249879650771618,Rock
1.8012846433636255e-05,0.13383642698207934,0.9999999899110115,789.9275574700313,4254.519673283901,98.92194232423454,97.9270979266172,96.54190247902547,22.125970943999885,17.33115637752796,20.407722263450005,2434.398478773466,7127.0,-13.216771272846113,27.228940347719778,-46.83707413563717,31.075828795882053,-42.29248180425593,26.203419563776563,-39.913222248755766,21.12044927356841,-35.425436181938394,16.085932935891584,-29.86576378971172,11.556221904848957,-23.860368544876817,5.460482163959801,3.2217732795513374,3.6808287177852823,3.458703727590733,4.266544814710231,3.0470537028906732,3.4581378937548144,3.215570823292497,3.523525439412845,3.05496493376905,3.5788063586156404,3.4128356622856604,3.7904609834433365,0.7268723343933906,0.7074584212822755,0.6988866380760099,0.7403201443811022,0.7584746770722142,0.7833852904089578,0.8071480171279526,0.8594123520538292,0.8487049105430063,0.856670901797684,0.8617563134349313,0.8183245582424654,0.12394349435067963,0.14274761546194684,0.13507905999707737,0.12293702385664994,0.1165580670675565,0.11633987886743224,0.12263015269645847,0.11513498969778602,0.12000402839826754,0.11721205862759175,0.1262944417015132,0.1342177129294533,35.041385045267546,10.061301165173646,11.943686362312036,12.038537302627596,13.289685720875468,13.34315016531838,69.64175784185208,0.39061938757183906,0.03281955271566309,0.13251273334026337,0.007444134447723627,Rock
4.823868963261848e-07,0.13856040770033576,0.9999999908379874,846.6753082801339,4249.41340994864,102.66877766720589,100.2990827620157,98.12593146755668,22.90967523605925,17.939400459760332,21.140131734360608,2432.746065643646,7120.0,-9.461258033977154,27.939993193865376,-47.016358973061394,30.301583082421484,-43.18071868797617,26.06872895520369,-40.19651790147005,21.411648166615816,-34.73727676146454,16.728792871125073,-28.811460734246513,11.536879689264458,-25.15411862596165,5.580460036318012,2.9930681304506623,3.5650116612121105,3.205309944562235,2.914577432339264,3.045294063944551,3.6740164740933285,3.5785055006514366,2.7926059993629866,3.0330378509113225,2.632471231428427,3.3576089542316283,2.9371262839613608,0.7094134762395644,0.7514332752069391,0.7173831970623571,0.7740331391102764,0.8171115562031737,0.7911454918424752,0.8344888824634875,0.873020974297368,0.8610254022693902,0.8592384935725006,0.8136234173963001,0.7479718845060657,0.11756802944298983,0.12404142556807103,0.11247982887527391,0.11055497568465342,0.11432971204575205,0.12809087693299062,0.11179435346612322,0.12722994690932005,0.10987034185930382,0.11961569208562499,0.1266243282666134,0.12974379072801617,36.48864619926824,9.132749283187835,12.290725677027124,12.101158727827086,13.48074035781794,13.519117403211512,69.81283364620795,0.38910403196839083,0.033184749553736126,0.1372254639863968,0.00714891729876399,Rock
7.70292317699504e-06,0.11823835936729532,0.9999999893387241,616.5316571175272,4232.219783074788,85.27592617229539,85.13339526154301,85.02936445092283,19.556306584791265,15.299755947467766,17.94210000172652,2437.147223569717,7121.0,-24.77541959038132,28.474098156100673,-47.193852646219526,29.762747623400628,-44.54160402026916,25.066355646411147,-40.1715117098754,20.716474523851474,-34.54349135223014,17.14870466337554,-28.67117482931081,12.00339215351198,-24.598655352735552,5.518789400330766,3.570715730040874,3.7383754271760643,3.580530257118991,3.4001648220332874,3.7882495040932644,3.367930173193918,3.1894010964847657,4.358167327244821,3.3115179734384017,3.91876353957194,3.636438853705655,3.611830095854767,0.7415835186359976,0.7029071905645794,0.7192311504087708,0.7487397062690179,0.7869389040360864,0.8000545511667798,0.8391955446809799,0.8236145175604872,0.8527985347627016,0.8792000788232645,0.8582633883132315,0.8078961707446685,0.13920665325025963,0.11715466374894255,0.13574095244810055,0.12694414280605232,0.1191307297365767,0.12827141481137427,0.11669957461858989,0.10090509977157106,0.11318996866706577,0.11217859001971867,0.11193231320680762,0.12232098727891288,36.65978918160435,9.657921333098946,12.021459074792014,12.15876531713613,13.031296023794479,13.297458222518825,69.77242905873686,0.3859722970545977,0.03302202972712859,0.11711424589157104,0.006595688872039318,Rock
-1.1103862392979596e-05,0.10985827251349523,0.9999999909551537,532.2358511858808,4231.853141301801,89.19762600380433,83.10167608748581,81.1753476077322,18.171695312838644,14.213562044617767,16.771504455949025,2436.322903183802,7114.0,-32.06160665736045,28.235390908428577,-47.224885518362846,29.94621664531903,-44.254810132895265,25.564367587154717,-39.78800967875442,21.499133619825255,-34.12489618998567,16.700644577209754,-29.83178271414091,11.56668545747072,-25.655094378649853,5.149404840230463,3.3475635651144815,2.572394194583357,3.24954599746148,3.4621306400824556,3.3877838262139934,2.8063777360856488,3.542640889570174,3.2216144782567686,2.7725306223630475,3.616260523537401,3.5291662728214,3.33039078933594,0.7960533966985001,0.7285792214024178,0.7271305633197183,0.7460557709774518,0.7514056294455644,0.7803771434641636,0.811268932462647,0.8209272089789355,0.8519273826923607,0.8814765751574263,0.8584176155608468,0.8423221468710039,0.12188221481500656,0.11926808476691443,0.11826636298018882,0.12781278294020826,0.13879849966221436,0.13212699919903362,0.12396828224880284,0.12270117216132298,0.11169508035045761,0.10281321468795193,0.10587552227380394,0.10818567484247518,36.41785641543373,10.226478271410834,11.982656132847955,12.503018274972392,13.301970740307032,13.440933815704367,69.84956536599499,0.3884361530172414,0.03308810723110125,0.1087615117430687,0.0061361039988696575,Rock
2.5629116300499446e-06,0.11643498654311273,0.9999999900284863,597.8683789157741,4235.349098242188,93.66399595792552,85.87653565198431,82.53793746608939,19.244715961693753,15.083410978802535,17.72466922194607,2433.2169686406864,7109.5,-26.35796685699625,28.305353738066866,-47.18079663273755,29.714183896089974,-44.1560278591432,26.28020753274362,-39.022106066847705,21.58208737527079,-33.76317894983081,17.247255406268398,-28.999345888894926,12.53903140520439,-24.728056473424182,6.4599686100739016,3.1471206909303655,2.8711067036982834,3.2839352300155022,3.3331227233648177,2.8230556226324652,3.1513883308014115,3.465215826763838,3.5108964856281957,3.521860653588855,4.051488038755403,3.262529008685242,3.350540936503868,0.7756762408591807,0.7440288729328417,0.7409637319308408,0.7444579200437091,0.7501483321403413,0.7679947253164474,0.8136690556454275,0.8418364288641552,0.8357285103669772,0.8446298702792473,0.8464162283029135,0.8476777809379434,0.11993700462773318,0.11915446407754153,0.1257099597027884,0.13480747730554507,0.14023188190677102,0.13979857854915714,0.12259716040873023,0.12926357800150634,0.12240300050332878,0.12588089350301468,0.11032581272319382,0.10558340618293663,36.400533095201936,9.663547525705619,12.187418609214928,12.505119073340799,13.674561365102209,13.42136417842375,69.71883076820959,0.3843278556034483,0.03080609925904018,0.11528849601745605,0.006795361638069153,Rock
3.81425943389641e-06,0.24742771166264976,0.9999999898561753,2699.8228378305284,2092.983992451172,4025.512974971372,2924.1952666339153,2355.1376611769174,5.271225624412234,51.691750002505124,0.509163143801316,1854.6020977579142,4196.0,-256.51487239947664,194.762381122415,-23.647100381460024,-13.681893984148807,-33.39217477951021,-5.904206145002396,-22.206820446009072,-13.396029076788226,19.512471730700028,-40.71764517690331,-12.769644653149417,12.396655260651636,-28.60980453327805,28.019376701747653,18.43651570387602,5.326104121695227,8.090659210183707,6.732598365608583,5.542466391344205,3.4475148350706672,2.6789447546750584,3.5323169531615117,3.394666414831032,5.4581443765763344,3.812429362575373,3.1197410754027195,0.5142030430350283,0.08581525547560039,0.4006390746764508,0.1785235373591884,0.05278569763140806,0.005940992225055036,0.00541318065346985,0.005922249363521021,0.018004591400571222,0.5732626766267619,0.789248028323574,1.0,0.029146810743143344,0.010488909368529808,0.021479629063018868,0.010069321988600721,0.00500196325344749,0.004404888684588891,0.0042145780003925775,0.005149688540969661,0.007218664425060095,0.041285244355875855,0.04573957137993865,0.0,36.235212869974795,9.82575934592415,24.879720097526917,27.84447628522243,37.73631236791835,52.123801006789975,39.49637333862607,0.21394014906609196,0.017276762321532232,0.23387573659420013,0.07298813760280609,Unknown
1.7301952568022185e-05,0.22160010622442017,0.9999999897491951,2165.601385371206,3053.430666178602,3029.7835333073804,2556.9586664930166,2527.098112647633,3.8225382707191367,46.378762373504195,0.4360694197289188,1856.9925162564205,5368.5,-294.85785781441444,148.45730373285258,-40.933117108807025,15.69045146384006,-43.089979636071746,8.472186460360435,16.69044837710175,-41.301148527104225,-15.53389151254554,12.569972119450807,4.548648043488966,-26.807053733140148,-5.68886081964242,28.29889978620221,22.778948547491137,7.926498266311701,8.686261972887351,4.999176433898855,5.7332558610578275,4.679576338767739,5.337455007913494,3.078396400638743,2.9768307410215367,3.28210237597579,4.061728446068101,3.1721538573796106,0.184674288377996,0.0033888803295875217,0.002131126797111237,0.02838751635276952,0.3718232999315251,0.1516099109918311,0.9994397973189896,0.6956109683771735,0.017439888984888022,0.05250927042086937,0.4028673899511828,0.5344684757143706,0.0641397461337263,0.002475189234168397,0.0023723663171197587,0.009903488545729597,0.1286019317609124,0.021931397401378158,0.005195105943844977,0.1655978388274398,0.0063224195514868554,0.018510497762437038,0.13917425645679188,0.1846853242357122,36.3036733908143,9.549428766069985,12.319757014300503,28.60359237501556,39.634938091167356,56.255492326767865,34.582789636730816,0.33569055316091956,0.02647007600018085,0.21481722593307495,0.04623134434223175,Unknown
1.4426612995337757e-05,0.29165071748921234,0.9999999897315409,3751.1522278063876,3635.066449949864,4900.417572654362,4508.0888420189485,3822.4258138536147,5.0019606529503555,61.042056206268306,0.7327462505668213,2458.0353014775865,5677.0,-267.77149488806947,184.34211356949652,-12.339088103750393,-13.953927274333171,-43.2825741887515,39.40625764200581,-46.899813764227424,4.472085028896531,12.24489685121282,-49.33123614169742,38.08203323991334,-38.903999351037335,-3.4464893278025355,21.44513397277809,25.28525563696734,8.014970773797693,5.090234613910162,8.047471363687622,5.870975023091011,4.728259642266646,3.4849853343555766,4.598692380807859,5.5025644282458686,7.492434930774656,6.008723400259338,3.6170137629784884,0.005428884353338853,0.0050893472444452775,0.05611448500221857,0.6243790708382209,0.3335282061232823,1.0,0.29310703787726444,0.007362215828858147,0.0051405976978668045,0.005235188429422066,0.00507328588139149,0.005523497931814353,0.0038851104549176233,0.0039347066041597436,0.00358409699492164,0.0038556450831825117,0.003499269341511339,0.0,0.0031172252537355147,0.0036003330587181517,0.003944584953471146,0.003741838375303838,0.0033956742682871546,0.003923589525300228,35.92828070403157,9.428257638960023,12.104331433536501,15.028499825909078,19.84166999050934,54.542795362990496,36.31336176332931,0.4787794091235632,0.039329636459353536,0.2885705530643463,0.022348741069436073,Unknown
1.7916007696394018e-05,0.21299189287189843,0.9999999904038823,2000.6206116810679,2912.4663486352006,3060.5790507761117,2453.08966570645,2070.538083280593,4.0764367954678695,44.542151815741356,0.5093207984650003,2183.2248023376624,5318.0,-300.93208248604435,177.35485449266048,-13.231845665185032,-4.7197260639001,-41.426149255781894,25.758200512188356,-44.76939888657933,-36.2090655509652,35.47411400212403,-24.990526341125296,-2.682248666960427,-17.518677294557218,-10.913460489453586,32.59137097654761,19.019938775002952,6.7761791918258965,8.203221616423903,4.571702579362071,3.277147464690858,4.10823367290904,4.776924227343102,4.50919654652855,4.941020543234574,4.648604312834327,3.0148939898339644,3.380327826113881,0.027259206503876563,0.0017506605494201847,0.018512566862133303,0.2316135301701132,0.9999748433282178,0.9640751532879859,0.05411968933074647,0.0018747192481145536,0.001906029304648995,0.0688643017304903,0.5046809196484233,0.21333074672198207,0.001800361057854582,0.0016804399123038364,0.003893780758101332,0.00783210197767412,0.00023329337672430686,0.018331212707187763,0.007571821729709627,0.0021630105693618133,0.001521594752565857,0.002305221501074739,0.006862963391074918,0.004418993705561034,35.659545589865544,23.23314881514901,25.662114952213873,14.621138303726777,40.29884878649412,55.09494282198514,36.39833508172693,0.29083602729885055,0.023812533328202934,0.20968708395957947,0.022729430347681046,Unknown
8.93064204182821e-06,0.3103210503515928,0.9999999899477373,4246.7927077642835,1814.621720883373,6364.504088807796,5162.585465443852,2567.152318590357,4.688752184615894,64.99852547731676,0.32565681912063194,1437.5655599769955,4114.5,-266.9811596023871,192.69223040806725,-37.45589787566562,-28.484865465271394,-9.326758928658283,14.734888386170415,-2.8606956364782836,-43.11203437381585,2.150479775583034,6.598338542681107,-18.871948421657933,8.830072146947735,-19.456014526157226,28.367185565792635,20.95571079297905,11.286481862416275,11.680370997035938,7.17988792972145,7.045721590448256,4.500668853040816,3.402958235350475,3.9221043452288953,3.5751788334571333,3.281086435349947,3.0744282916219157,2.5672753271594253,0.49225430494093053,0.014665531444229588,0.002285214889621084,0.002645073414178689,0.14352688781522158,1.0,0.14700163419641224,0.002963439932629788,0.012289124225204767,0.07778318717655695,0.018196279751749367,0.35737903042033514,0.0050236049800184805,0.0015706608901761394,0.001779667319519935,0.0018916119696402462,0.005684503285678825,0.0,0.006521747938972132,0.002165543217032958,0.0018371828202313,0.002248584928936208,0.001802747151782711,0.004576899100899273,35.45815105976096,9.873423974921614,11.714092423685202,29.609224088210354,35.32708887171447,53.86654010111601,38.78378687553649,0.2939228627873563,0.0237595118124777,0.3043244779109955,0.04289579391479492,Unknown
3.878756901137432e-05,0.2497136907227186,0.9999999899545265,2749.9405617927146,2504.5179665091873,4459.168815070423,2590.6333281666916,2442.603057232544,4.956713254048576,52.2050919150104,0.7416374327019339,1973.0269197513248,5182.0,-258.5242654589822,171.36243739955896,-16.636825163987364,4.384389474298445,-26.654861575166464,12.349014577835812,-33.3806209648345,-12.89269807878423,11.13977428503365,-47.47434656694172,-13.831208053596857,-3.274866492851271,-12.417746453806135,24.015820673237755,15.84254491171346,3.8978018960093483,13.818371972579785,4.9764276083258,4.2853620593205,3.4010671037216493,4.674343391883867,4.701216730303627,4.81414956894875,3.404932941462502,3.6281878770738034,3.1087593190870044,0.03399566117631693,0.5394527781177396,0.31731878223529275,0.0537905211565658,0.2295668285776981,1.0,0.2670975722836492,0.008425523841972121,0.003407713537258639,0.019163701275702723,0.27484657299962195,0.08904032340000302,0.00869896259866455,0.03299794905817285,0.02426287510581427,0.010672644921341018,0.027507813319595047,0.0,0.027668624902655176,0.009965063175982876,0.0049233652543689615,0.00504634967952243,0.018122338402722947,0.009238060910218088,35.886372655249524,23.787179731147937,12.097333328358058,15.125766741406915,39.13185005910612,53.19465675358679,37.38185635966763,0.25226180854885055,0.021031124574590984,0.24703146517276764,0.01860908605158329,Unknown
1.748635944645634e-06,0.25710889148787974,0.9999999897212213,2915.2297099566167,2678.9852112313074,3968.161778003512,3832.611238506805,2144.158321871028,5.592151667456898,53.702491094907785,0.09245115254875577,1533.4924347271349,4438.0,-257.4981390902198,183.72590049203654,-64.55393392304056,28.907142489235802,-19.648126533302005,-32.4427295344077,13.64485157415252,-12.647302339941222,-1.645667659905294,-23.111663388779878,-8.930696873074915,25.719983256115473,-41.13148864399578,19.40372053453785,18.41632285042774,5.862951141542508,10.049367630413043,5.592582160353461,3.9742102975397993,3.748456969694212,2.8122928211265408,3.565519012587017,3.2474632228413287,3.2832626185698905,3.0328731771986095,4.326072090619433,0.23493586763471833,0.7976816977611113,0.30914862553310285,1.0,0.26291273662426684,0.054864387417955,0.005248041327682151,0.021191916783438042,0.16929279617705512,0.0342703727419238,0.00478008578450623,0.01189579779813685,0.0060812040689367745,0.008170982815520377,0.007615449477153166,0.0,0.0029853799248207307,0.0038273411078863845,0.003135821376407828,0.002647212485397563,0.0022859440362562812,0.003108727078213407,0.0034247708264047473,0.0033431118854515603,36.258163113414184,9.976135659074432,11.45001337157756,14.250170305634429,39.292582144105005,54.361421225111854,38.10032876482849,0.32386516702586204,0.02648382286284684,0.25377127528190613,0.02603151462972164,Unknown
3.3522076621440374e-06,0.29858844943534496,0.9999999898654065,3931.7382407021414,1992.6260761369983,6686.361241184822,3210.811850331415,2721.9816924252023,5.284732589737046,62.48047568615716,0.38714091732079,1508.7050453592542,3056.0,-249.29342294022567,209.05934049598866,-52.309927486575695,-7.648706360696701,12.295687139656382,-45.11943166299532,0.460037071154046,20.71871056724905,-35.60256876365233,-14.436146644626456,18.83713866980626,-17.970676966132828,-22.48772475915017,21.792696450597106,24.37607784329812,4.677733190396564,11.93711716149308,6.475848066431692,3.6877983739496942,4.1046268589471415,3.370901126118383,2.7377350817907202,2.992174192840655,4.04834928763571,4.1714956673308565,3.30460542381448,0.005135407367546778,0.005004031890407908,0.0057082988376360696,0.1348461188340112,1.0,0.15100923365424568,0.12725933516113822,0.5889055052180276,0.07392872651871274,0.005372059008614013,0.004976521719994669,0.005203543551511788,0.0038396064493822074,0.0034103248935284033,0.004085024361288699,0.00441565408053772,0.0,0.003987114221546016,0.004274819832867493,0.008457682468633447,0.004146828412447992,0.004054387084053954,0.003644473608953934,0.003963089320173062,35.77370223927452,9.806703832790236,12.02988040220472,14.893736150683791,38.67403744241279,22.819223318953348,41.67910058141986,0.2401165140086207,0.01984926608411071,0.2921084761619568,0.04913179948925972,Unknown
-1.658712977587272e-07,0.3020837136929604,0.9999999902253094,4024.3265404644058,2016.5460578851212,7028.143094019978,2929.0337197732606,2800.8193587968267,4.719586868760123,63.261773919069086,0.30024995012094946,1808.5771182365304,3854.5,-252.25204411746788,185.44528864641944,-19.642598312272742,-16.96588706169241,-39.090803221250255,-10.480538403681972,11.495894734696536,-26.27633526514962,16.127187799692706,9.470184643392471,-37.60775976896738,4.862166419115257,-16.184262099459605,25.0443806344878,17.715904992757054,7.2245744210258325,7.505423844637406,7.870912054682349,2.3077557871433267,3.421920142267373,3.76846113586946,3.3567518787474033,3.1997373702124596,3.1638288401471537,2.617965026707322,2.4584515014131263,0.08800436070785998,0.03397793081915126,0.0023835946069393067,0.002111825369883947,0.0020226196401430052,0.001954603726555291,0.0016787651471660504,0.0026197891019456034,0.14292283877044842,1.0,0.20772581122631678,0.16828229400825742,0.0032033306202497286,0.0020541859266256096,0.0016899699581190387,0.0018568053587886626,0.0016998196102756705,0.0015734770038847122,0.0012891445956900757,0.0020798460206168062,0.007618433560856419,0.0,0.00976670640520319,0.005778473145606051,36.48534760917839,10.217709986635008,11.890602450148352,30.26670578247324,19.390554927044242,53.23394827619168,41.49345446149173,0.15985879130747127,0.01333773212696643,0.29152360558509827,0.0679406225681305,Unknown
-5.1074499289480495e-06,0.2909951678148564,0.9999999895634272,3734.3080783497976,2976.7313854884983,6387.168643356421,3842.0140877206254,2466.8651524352517,5.189728773863348,60.88821555157532,0.6412858885296178,1821.826721980558,4424.0,-269.6915350843813,183.3011513773046,-37.9956496428436,17.563829329468913,-44.81953847997882,-7.366699846031909,28.87978257268074,-50.975089495589664,8.342358724344663,13.556052392685705,-44.99836729145669,18.23223220908385,-2.3485137685022752,25.047030149247494,28.798520637780552,5.287969792130343,10.557385507338203,7.878864015508866,4.229424992788952,3.632344585901333,5.271515661675172,4.861445307716352,3.049777008713384,4.720011375005391,3.8285291516953275,2.6779067412817694,0.11661316875436746,0.17006004608709574,0.01491518279939952,0.003250888492982731,0.0028019924022812015,0.0028710812863853748,0.0030398967290340894,0.0035489579592356208,0.13458207142458556,1.0,0.19449804614178853,0.4360133810892829,0.002188152157233807,0.00225238986145786,0.0023737408627179917,0.002232738540590939,0.001949353257132854,0.002248962494143059,0.0020840144113391528,0.0021523254402289055,0.0024974315598083967,0.0,0.003136476768362958,0.001615312849227691,36.09776114664065,10.305195300293358,12.051531468773556,14.732668976040285,19.47703358815919,55.684465951320995,38.82398794834039,0.32985924030172414,0.028525560209814442,0.28466832637786865,0.04409771040081978,Unknown
4.0397104671511924e-06,0.24097839984703118,0.9999999903206981,2560.9129841237313,1495.2570563792437,3988.1920044041426,2625.4467232936086,2586.683370618539,4.325636262290306,50.420252436524855,0.04997430881663825,1197.335439005184,3505.0,-286.8763988745503,213.7003297230715,-28.929566411487695,-42.41481635250677,-26.35748117652433,-6.739777907750854,34.5837142982717,0.6372176100326754,-30.91112143819873,-20.473283105554856,-43.85512591719962,-21.151267746668236,28.189786020614655,24.23587350341502,10.576845356199362,11.424619126839898,10.023247219366343,4.4249435760703095,3.384843089925713,4.04036040456668,3.178815621394747,5.130960690956823,4.127814918279122,3.8991331624947665,2.8718342304991116,3.337782140140668,0.745925611729312,0.8924016862887991,1.0,0.10271539888253349,0.21984919933418395,0.05495836165469046,0.003374557264366586,0.0023705734468233864,0.05422655123427628,0.3953815191419676,0.06716051206334427,0.3950833253664431,0.024583010178557015,0.009927068569283005,0.0,0.008308020514292044,0.011902631006016172,0.005636906015777016,0.002734820149473287,0.0019012793349416808,0.0027703254255526354,0.006658401493442984,0.004093392628271963,0.014071606081622407,35.21993041372528,20.528215219696396,11.183058695152338,29.51912294265383,19.20322179488986,52.73899884601562,42.96016958350226,0.16444414511494254,0.014149299836663848,0.23810692131519318,0.012584099546074867,Unknown
1.2552616680258997e-05,0.25425675132747033,0.9999999897503241,2850.910462714676,3431.2174244347316,4465.913763607096,2992.464108906874,2696.6835731310475,5.004826996531096,53.1588391102278,0.809012128156537,2094.3387433218923,5405.0,-275.4031838435754,162.57743890818512,-35.94313930175579,17.202105478023693,-44.8253757207318,22.949426673179985,-26.781685894944285,-20.397591057349544,36.15445181941177,-47.380776427913744,-3.294623958049691,7.725611458883319,-12.046240525032783,27.956137456641564,25.90727373881441,5.171067530588147,8.791899978924844,5.325627346107651,4.286569820263569,5.320783773447791,5.508911401445179,4.6360550397196665,4.574860917896303,4.424803412235892,3.6632789201894402,3.8011301459576763,0.10865428621745782,1.0,0.24319895541401412,0.10957114132391921,0.8829514968982163,0.2551584938635991,0.0045295020363343725,0.0029174929454104477,0.0032196029765638127,0.049877915026898374,0.13559322726351294,0.010493176553486583,0.004231559718098267,0.0,0.0028890329348613864,0.003385422214247907,0.006696379600411351,0.0037424884622149486,0.0019924265714577204,0.0019823944026059175,0.0018369952742705495,0.0018153182802975079,0.0017867542475660538,0.0024533649734589766,35.15182928160666,9.973874389819168,11.576831711464743,14.310728838761042,39.885864285157325,55.664554246737595,37.96332412705674,0.4127940912356322,0.03355447428668167,0.25044378638267517,0.02606806345283985,Unknown
-1.4289330298181694e-05,0.2603237846136456,0.999999990071478,2988.589661053271,2273.972741090076,4097.2125852065155,3804.8763155978127,3222.2932850918914,4.91270012710099,54.4468093419531,0.30637457319276296,1604.81415842737,4785.5,-274.6911668828675,199.32827930620127,-60.63814669864499,-14.162582002279228,12.688395728724567,-5.341771488080414,-34.72250891991585,-5.704960747458759,17.617811767660413,-26.940199971137787,-1.820935313613756,-5.3669371970762825,-29.203937366092415,28.553403518897383,23.37522397635532,6.266215114254221,11.213150200492226,6.596974035682139,7.529519278972815,6.6801055426374365,3.0796953865861427,3.341870071375598,2.635454867780882,3.609088582059783,3.9996035237316554,3.429479419237541,1.0,0.16514174360132128,0.516478274661093,0.3982606111570618,0.1752884232948072,0.17386211912205204,0.008224736409556727,0.006753930712783611,0.3135011006288469,0.8564769535045899,0.051784647271220764,0.1339504289331041,0.0,0.005004085380612491,0.004780834939952812,0.004775254525402622,0.0031945544088599004,0.0034081368742106765,0.0036638033474936794,0.0031733784762539513,0.004372135802413444,0.006898939588500554,0.005975669015991277,0.006747364051379845,35.417344032603715,10.823708660149743,11.987146481708576,14.534432237637883,40.4491081518158,52.37636913269152,37.0497175937561,0.2905778556034483,0.023860810443146193,0.25447559356689453,0.042293302714824677,Unknown
3.462722359317436e-06,0.22883093511382047,0.9999999901366413,2309.2346222781675,2774.440854616365,3435.628562177948,3057.336682369885,2140.9949585711065,4.724246436381731,47.82171178296079,0.6838990335736643,2242.5344926179814,5907.0,-274.55232646235334,175.57806532684637,-14.403051505583123,-11.477034512690075,-29.766790951615263,7.4380118806685385,-23.608066136014347,-5.738655681657271,15.084102178973197,-1.2084750383260576,-7.348070752147881,-33.455660590718246,1.194691021114087,32.1449518801259,20.895975054720836,4.662574515765772,7.808339641659111,8.34129825982695,4.050298032373818,3.535058296760528,3.925527060826891,3.484136952671679,4.1652102876222115,4.272861753412315,3.8777007930299194,2.6309848402405778,0.00694217976749147,0.19524517209279227,0.2778392483823777,0.00987450218436597,0.0031656719946267804,0.06659015497597458,0.3049886884137846,1.0,0.3632910689817118,0.12577515123467103,0.24964088528902412,0.15020564763354313,0.0023846760634993218,0.006285133821170743,0.008872347049604063,0.0023016196963889907,0.0026189073248722226,0.0037286295499541523,0.011268980775218582,0.0,0.014568511312152003,0.008995244226728257,0.009346058865137907,0.005861382108814708,34.95848786390219,20.373788515062643,22.915464410782757,29.493957461289575,38.15018539633948,52.425384600643326,34.91400181090539,0.2888267780172414,0.02350007246012413,0.21953225135803223,0.05594366416335106,Unknown
-2.7101861528090614e-06,0.2352344945747132,0.9999999897263268,2440.2852943318157,2255.0429572578014,3517.136905767972,3328.720516651392,2534.4161580596888,4.213592476360412,49.21921304741914,0.25720408507230313,1364.0754049728935,3097.0,-278.87070187326685,179.64554093176446,-61.9169024032208,-11.634845824186755,-3.0577373818787303,-4.633909224041461,-3.806560404069147,-3.3518253535389673,-23.944952360364205,-19.451608838580768,20.730512989258504,-20.72109234566113,-1.1487043809981534,20.80050313669255,16.96362867276892,12.490012774949035,11.458012450127153,4.9868678812309915,3.369601376296482,3.9076731144467356,3.35241778832833,3.651975548605304,3.6787567939213774,3.0157262471206687,2.8971566455531987,3.7760704241258924,0.22952260766868035,0.09596371629315288,0.04174847604926012,0.0249681523305518,0.0408847317543913,0.5085423853023817,1.0,0.06560992999288297,0.03465803401415372,0.13014615226851042,0.011016708713540505,0.01245250589405762,0.03784056267897058,0.015444399910968859,0.007035038617548543,0.004228425326256221,0.0052852538328292805,0.021881445332304406,0.0,0.005876911338975054,0.005560908957997111,0.02124639546375579,0.001911802474589319,0.002215146606927025,35.435831628415464,9.643090222408341,12.11942962085708,27.377592484585545,40.76546428103391,52.75570364042518,38.637996340220624,0.24471870510057472,0.019612116056919517,0.23027537763118744,0.03743099793791771,Unknown
4.033398335332492e-06,0.27327365794636405,0.9999999901202795,3293.3215035351723,3138.9796570990784,5616.915371584473,3062.409890519941,2899.7359428206946,4.699035269114999,57.19475999844599,0.5326932983100527,2285.8549116366503,5948.0,-280.45252156524896,197.33951372977788,-28.702985072893323,-29.85605013959076,-33.24223672653218,25.143454521242166,-11.422444270636273,-10.984137818007147,-5.832658203009985,-13.12358340236519,-6.836429637084394,-13.369792080735754,-1.397428092443111,24.517716463341735,26.316941533818124,6.738862634746055,7.360369875776959,11.29491212934943,8.789405558598357,4.2801760715847985,3.403638095707244,4.554019626131235,3.3107804178668783,2.8157945122434946,3.565786416648566,3.3667284100598707,0.9497570272647744,0.33196266429466237,0.008057712089283606,0.005363094316915821,0.005524994552739689,0.0675988360471319,0.9999656329575776,0.3404469043588349,0.007379476449225238,0.004753286734250153,0.004747439462117198,0.06977161272307818,0.015916437451310946,0.0061823261679061405,0.004732800418411067,0.004494416035301716,0.004552018493308599,0.0045048386513638124,0.00031870684024358893,0.005247456275739225,0.004444488810880689,0.0037836605963381563,0.003400973076656924,0.005174332267174628,36.01680961065362,9.483581261083726,11.889075061130916,25.31394957644851,19.808424618153907,52.096174523736956,32.86855902098467,0.4624640804597701,0.03760649694229297,0.26141083240509033,0.07261873781681061,Unknown
-7.255940515334842e-06,0.26157850362591767,0.9999999901082627,3017.46813028139,3129.873683693507,4596.240411000286,4331.141718315405,2157.862537461593,4.278740761227667,54.764591748356125,0.4246655185810323,2215.1876846814225,5492.0,-277.13475424016394,183.0579291841016,-35.79624120078699,-8.286835954663394,-22.145313415776574,15.31898391719423,-22.49711574097842,-7.126526607302517,-8.260236644848309,-23.517739185266187,42.23343865051061,-43.78265422899873,-26.219516268858694,26.84784550933621,24.386811383811693,6.179220508734682,9.121780510005678,7.564066512592733,3.7984563798206277,4.044388831698362,3.590400284405284,4.759244790783102,3.8756828324056456,5.0146144078692325,4.4555997152035545,4.4365426183055785,0.00576061146304897,0.008578065078239716,0.17729105853670973,0.18873506865586553,0.6809543474774046,0.6850629185975937,1.0,0.40805296810025493,0.027332420215561672,0.004743500398213153,0.004949315597106371,0.005005447680896446,0.0051454146119387315,0.004382820764300737,0.004718476220334876,0.003857798602189927,0.0028198816925258294,0.003810031877399848,0.0,0.00426908922344149,0.004019516451251772,0.003653728067724151,0.00398019498291311,0.003963650826968265,35.91794354989552,10.301895885071886,11.959913856807662,25.650309768098463,39.054223365674474,54.418852292868664,37.79115510637141,0.40904498922413796,0.033675556738386445,0.24603933095932007,0.08319184929132462,Unknown
1.0448514274934211e-05,0.2526577385472288,0.9999999899906055,2815.164643402433,2937.05341198288,4052.8630301776707,2917.1396501924846,2710.9384908583015,4.534620663977354,52.863994002980725,0.5909062193693801,1853.3853871656734,4968.0,-288.4409041061853,165.9391773123753,-42.241254350554534,1.2067502599882394,-18.475450564270076,10.815488997662204,-25.125458494485994,-17.46367394388375,22.20956200336418,-37.775193673945495,18.581471267725252,-8.791699058103406,-54.93694849945801,29.278647125305348,23.223595733982258,10.08266144239239,9.900110743535363,4.922953604474205,3.204182605687713,3.6560162997411703,4.1106604336089525,4.122341608705874,5.336168082597916,4.767175049594876,2.9888498998079958,4.865921316412729,0.003532919615413095,0.1156265583305526,0.2269201498411816,0.29679985524053953,0.2265457874562898,0.9731126771435847,0.12266527280815538,0.00290038999767101,0.08502432010394859,0.9986287277521982,0.23807665375616305,0.0035476309990566026,0.0018387041139472527,0.0015209002820081978,0.002652464326735007,0.0031744781405111497,0.005826399494800355,0.00604548878149253,0.004291848135503346,0.0027432531593141094,0.0036577451828539065,0.011158499762772944,0.0036702936358601777,0.0020686509542266517,36.11891279923936,10.074559250984507,12.40043428854536,14.51467448001057,41.563938920047946,54.92245901014121,37.89468932935,0.28363528196839083,0.022922326064270318,0.2383791208267212,0.0766875147819519,Unknown
-1.5323006169674105e-05,0.23769088523009,0.9999999897853864,2491.5158105909923,3135.785633315478,3015.200926227675,2519.1768506027647,2485.93864755096,4.870468096431181,49.67689967440812,0.6792879138435142,2092.2653324253324,5504.0,-290.2262082225421,166.4947340798042,-21.06872624259438,0.5007951125814096,-38.25543147092801,40.90934559115344,-24.11903330295529,-4.3871617566730166,5.652948136017195,-68.6447521704617,44.2973399924259,-6.541037113961645,-50.10781099489064,28.095787099602408,20.03304812236299,6.760189150198034,9.165703813821217,4.268190882096811,3.8481242621429654,3.650349788669028,4.150781420341908,6.181263798398381,6.941272038141203,4.4929682808233915,3.2117469934445753,4.605031914073349,0.010329837847716237,0.032197801170309466,0.015963948789500176,0.41703990264284285,1.0,0.27722634369979055,0.005425920970298467,0.0014389672309544814,0.005897272518693122,0.05074517757254816,0.060548891642013485,0.01073085988937222,0.0011909573509123392,0.0009891418825612953,0.0016135167147486949,0.0041393013391975795,0.0,0.004145484762509797,0.0015227306346914972,0.0014088708008695105,0.0021209274240024966,0.00400892826084783,0.0049832012408339435,0.0015918764265233783,31.317450169061164,20.91904738706719,11.832065509345057,29.132337251938544,40.172147308576534,55.257354577898965,34.6543758636047,0.35947041127873564,0.031141671189906003,0.23128741979599,0.04626348242163658,Unknown
-1.649969859595546e-05,0.29898812837597527,0.9999999903120116,3942.271042126584,2814.6651096209725,6844.522687173704,4344.135864535249,1652.4158837972734,5.27537012092527,62.5654978734033,0.6206478185574333,2180.8023918547365,5640.0,-244.91608151321668,188.3324512603054,-30.04273103252929,-5.787361994209916,-23.90937217420334,2.768444863085686,-23.100393075026666,9.859782203609237,-9.814900901836307,-36.28588036247565,35.74339884932159,-31.127921327539344,-19.47891470131859,22.69189288696638,23.13449279834837,3.814240064127116,13.362756843616443,6.8829185520733045,3.9136182466825487,5.074681009464461,5.914820765000909,4.248802008045352,3.921741215039368,3.7771257145707735,3.1089714753135387,3.0978982315370693,0.0034679160988763777,0.006008457144920576,0.04840865365258954,0.019403439585621577,0.17760483618911313,1.0,0.12725893770401195,0.003460702648314447,0.0034489714856567886,0.003308325482127259,0.0033453354587658977,0.003238659532285549,0.0023339105934001444,0.0028006167219613203,0.0028494520148715625,0.002340167367564451,0.0024710455483947956,0.0,0.002062494398196552,0.0020797682379162454,0.002401254384523087,0.0021349354736523865,0.002214719018201743,0.0021754003122994737,36.523761690028145,9.885114328234435,12.56240424497406,14.606982551948882,39.11530247167151,51.87720794095573,38.372818344529136,0.318707345545977,0.0260857824171284,0.2944989502429962,0.03148915618658066,Unknown
6.725928764441966e-06,0.2515098998820286,0.9999999900035117,2789.6438334702616,1351.4017805759868,4702.071761989504,2946.5016263742887,2213.9142182287487,4.785869135107124,52.599803149825576,0.31058318801188367,1219.175195740945,1946.0,-273.2421423041297,231.1987682513335,-47.988438751362644,-60.4293517886689,7.887420192242144,-1.9449103263339134,-14.835049329068536,-0.7679746049992905,4.27382595471478,-3.1544322005757612,-19.461732668296438,-18.37513190731981,-2.8407287240292516,24.868059566569162,20.8729936209345,5.505173143555473,6.669352874313281,4.469483146969243,6.019584314589267,4.124851525294574,2.0975549080386244,2.7414838600527953,2.7142098685253964,3.319918742329542,3.0978058572103158,2.142935890284172,0.35758158752606006,0.3243946778191465,0.01431223899383762,0.004193650522592654,0.004287027039070429,0.10930267364334417,0.43737895642387054,0.042090150608962484,0.1582387072496875,0.4055870014858199,0.1700693866704655,1.0,0.008238039383392723,0.011112357879342826,0.003070366476092493,0.0032202447303557795,0.0027325941790089492,0.0030197827159499104,0.00732769194335063,0.004673542270674019,0.009746762338235277,0.018146679988775068,0.007192977140629733,0.0,36.19178171839385,10.032312563554681,11.796415593902243,26.897772667818273,39.768946714431436,22.349378908538846,43.41171120916056,0.14876302083333334,0.012238233887917503,0.2490229606628418,0.017096633091568947,Unknown
4.284669597615185e-06,0.2471059313229125,0.9999999905204668,2692.805151917515,2479.819279141948,4057.978210281194,3453.957190133529,2678.827233480891,4.200991377682715,51.72191821761512,0.29084300462483376,1829.1871798035384,5358.0,-280.0271845860632,175.60544950291867,-37.465860229681915,-2.782443633096003,-43.12092125608387,12.009460189667701,1.2175255297360825,-0.9731937812789494,-14.185277360200233,-38.89678817690187,23.991027674847086,-22.421514423271812,-0.6533759626675499,25.203012917922337,19.194967770643064,4.358681695002968,6.016670028335631,5.314532802600684,4.310941818134777,3.6454238931380907,6.329709843290542,7.1600363935409845,5.746872570391085,3.259351976565121,2.6580757466889913,3.0895000224810563,0.0075997877200015855,0.04030809238489748,0.8969586810518096,0.4823568812451441,0.23564286156323178,0.6919533319317865,1.0,0.13776473457202015,0.0031711288306583104,0.003716190345320042,0.05625247056974681,0.11587875868314096,0.0020730300794810676,0.0044277866764851626,0.01376245912474488,0.008684307171564178,0.004801757414495733,0.004399672518145977,0.0,0.0029642833348994912,0.0019332220775768365,0.0021832922182278836,0.00225522044802855,0.0024181879511208934,35.559449469792675,9.870702199904887,11.794801153066125,28.77357341718614,39.8875137443084,54.458364236351635,35.97131743461183,0.32756375718390807,0.026489289882012226,0.24485057592391968,0.01300187036395073,Unknown
2.9557701093117553e-05,0.2265630476153159,0.9999999899508047,2263.688959951334,3389.0959951017844,2876.388420649493,2789.9527895814845,2510.0023651588826,4.699084123224687,47.345618649845946,0.7992192068982379,1993.2616679217642,4688.5,-298.78122464477235,171.93345183957115,-17.272744374022807,19.97639408805997,-49.18113754300208,7.715783082825877,13.770533391707621,-56.82461961702142,13.51076839837954,-11.357519472602727,-43.398245685269714,11.945923101003713,-23.994695608113478,30.432999528824105,24.759111215714686,5.749088274002168,11.047943542054888,7.265109127112776,4.967997636219698,5.440420315543422,7.3603357964298235,4.1475638071172645,3.2105572256919888,4.459843394491375,3.653192767669515,3.6304438793153175,0.018874420349033923,0.5624941089906852,1.0,0.10950551472711952,0.20923617596617733,0.5718987603572891,0.1012571553399251,0.004687552987968859,0.00354893220056676,0.06238034827656296,0.49377785505913,0.17436203856055715,0.004247068274944704,0.09803927361344808,0.0,0.012510172599749812,0.027203529865836254,0.08106911557427823,0.015007995990570453,0.003837232423176077,0.0028558643408319755,0.008056012371487967,0.0604890806268773,0.021238909588577326,35.355647216223254,22.64767651254306,11.410445536713235,14.400646020680474,19.27907071070849,55.93838425415774,35.801645715063756,0.3435760147270115,0.02747572216960431,0.21263639628887177,0.0719543918967247,Unknown
9.120189678506038e-06,0.29921705554624073,0.9999999896968031,3948.310326810653,1670.2989595512095,5007.957365973743,3858.1592829929677,2970.369744501066,6.298163769778569,62.51914477144111,0.5038735767884143,1514.2659648574827,3657.0,-238.17362533657683,212.2904802580226,-27.913981245050206,-30.087696961908918,-11.827617433958611,-6.457870815795342,11.174766341731816,-22.778282203218854,-30.012807564434798,-4.727418896996561,-18.51564317288817,-1.3409761960876503,11.328163285488298,22.575466218532892,20.170604879666012,3.9177319133744377,7.361071113105004,8.454982526739107,7.249779657796563,2.9246539888026253,3.608915269358523,4.223295973292317,3.3033647204985543,3.309910716085426,2.9747704885226205,3.0850394244901245,0.003545000372488992,0.00411019260738309,0.1408554534855917,1.0,0.15927660350339698,0.004243072929919437,0.004013172341174362,0.020891143838996137,0.09753783630085049,0.1847112914813095,0.22828146723382592,0.009738773193782885,0.002221078834214228,0.003021241031467084,0.008688444106893243,0.0,0.006813983431488459,0.00339530126073038,0.003068257881320727,0.004429297997845443,0.012806901377476169,0.007066974106569334,0.0047567295533224585,0.002604132579013295,35.834891383380494,10.214699899758312,20.04811587124079,28.426026765389285,19.62368808376047,50.91078293453738,41.67078472793278,0.17128569504310345,0.015767491388141913,0.2963734567165375,0.017327943816781044,Unknown
-1.2731750100010712e-05,0.21931026398091666,0.9999999897409501,2121.0773493819274,2659.1438970091363,2506.9385071079705,2458.9454759302444,2283.911799727434,4.840054207720825,45.800122603236794,0.47682447264950767,1812.4450838164873,4753.0,-289.0582892444329,167.17532607000217,-44.35761314581903,17.280717139679755,-39.65198051541072,3.864649379972743,-12.990428788329321,-50.99270106462356,19.18218356224437,-18.268069114593885,-10.034124004223527,15.052839167129067,-23.88787412028899,33.37867113348549,21.29323329481575,7.767466790028515,7.340105418024257,4.606790793477569,2.7010826676780244,5.01859118382034,3.8806173374206687,3.6971030495669974,5.111815404217918,4.002430302445159,2.8026531362126286,3.8214172612857396,0.34974030862551597,0.6255206968389273,0.3604194168666323,0.8880991934896053,0.10321586101462833,0.0027733964855339087,0.002889917915489231,0.1321808060029094,1.0,0.63485974942764,0.1818582575727341,0.108296273901382,0.008465949383874814,0.026340744458365255,0.01108379904742248,0.0064537290981739525,0.0031343303975125813,0.0019795375004531524,0.0020739837748019662,0.004596737648216226,0.0,0.005222563447940188,0.003814477713649884,0.0035863153470883013,36.819030793122785,10.18913098451316,24.85896783560387,14.651510293901893,41.30186850516072,55.62601172798547,37.60861929453405,0.27161907327586204,0.023021373053617268,0.21302498877048492,0.04158734902739525,Unknown
1.822519600810243e-05,0.2974200123183419,0.9999999896881264,3901.0270850283796,2598.6775682384773,4659.430980781248,3861.335593448415,3084.2658449104856,5.75070144794552,62.192897760367714,0.47456026531257695,2154.2350397245873,4900.5,-259.0358232654391,199.8668275849856,-13.17613766769834,-35.487332231747196,-27.833788331748533,4.481604358697045,-13.61304268313339,-2.568156154700023,16.795103611137105,-24.813740372567505,-2.851844265330768,-12.100988098692174,-30.126102798869763,23.115208253768657,19.82798393001146,6.848709606854451,8.232189339666917,10.364506309987943,4.880630357816824,3.226343822196561,3.3598873614634113,4.2579266045911295,2.8450422912318594,3.6311850652088387,3.321282274729968,3.9326625187253925,0.006052958388362256,0.07523702715130168,0.8999381830043621,0.24997925556810693,0.006474947247918866,0.00523062695201153,0.005313331782367759,0.006019934679811038,0.1576428640977539,0.9997917592603013,0.1573030587897856,0.006309362161373024,0.0051691881402592815,0.006636391306092013,0.03209031195077401,0.01011496302745817,0.0042519362124587646,0.004774051906367676,0.003989737319181885,0.004059600344699195,0.0082364362029939,0.0018661677472401122,0.009641479157358192,0.004651253221649296,36.714993102517646,9.880181302491856,12.253520076862925,28.027780308026074,19.68323007149304,54.23867727025272,41.269243993203915,0.36179956896551724,0.02979729394442361,0.28302469849586487,0.0815015584230423,Unknown
-8.89222271691607e-05,0.2714534861286697,0.9999999900076041,3249.5968340009526,1427.6301755196098,4756.139953478406,3648.801096585152,2685.4394654443954,4.905136875340893,56.793809652740975,0.40895947499282137,1555.4896083082,2610.0,-262.42695307284487,207.1165099364417,-16.06549316837065,-26.745667275331527,-10.82518149881809,4.187304218125057,-29.224648591399273,-37.528340442479504,7.4939278854847,-11.89928742198184,-14.453811952257599,-7.660515156027556,-28.5484042966354,26.38586345270694,17.218562028093643,3.9133681670089624,13.739664387722707,5.717313505869094,4.911686835036362,4.867767983806647,3.185749597804592,3.6456163802387014,2.993303123621122,3.1355834225919734,2.427046209387354,3.1768486330650263,0.0236823773914976,0.2706949887315076,0.06880261247512484,0.011594453480287413,0.12823866348227825,0.3188380533913031,1.0,0.26184873007562076,0.3842923246488513,0.13440933027497465,0.004149198373495085,0.003041352068785988,0.0036707151249956035,0.019175973674144378,0.007745900673397927,0.00705772183666287,0.02175116173663486,0.03626864923433775,0.0,0.03675275197233699,0.029996664002446775,0.014027957879739327,0.003714612334472161,0.002250591552813198,35.62919009893008,24.47455266483471,20.888678612365258,14.506427764396378,38.27273995807032,51.35928625645454,38.519955481938446,0.1881005298132184,0.020214361285469936,0.26818230748176575,0.022013606503605843,Unknown
6.977224067107151e-06,0.31191307576018956,0.9999999896359404,4290.478719357878,2833.8167805103267,5813.996303999229,5196.69215404848,2226.8737087985164,5.395441595877367,65.2791538814358,0.08325214807135752,1729.6740567028396,4408.0,-259.8901939930165,191.65688706311744,-39.42696735271656,14.661525538786199,-43.01019077863236,-4.115004841971579,24.158511145494398,-50.349251090530366,14.522942106908964,6.81186384050387,-43.46295203350246,22.363585160833072,-11.874666335382582,11.885413500392108,15.22899176088883,3.673995922857377,7.852566103795839,7.919152668269782,4.927165671891455,4.361087390416221,3.334737151124924,3.6533515399102012,3.8089617354184426,3.925486764136158,3.4366926437702605,3.403261394663168,1.0,0.7769587976142747,0.07185362023725492,0.0045177666572582854,0.004313619874479889,0.004044513866635474,0.004136987549029978,0.005223661365524108,0.013114200441325143,0.09713162543169293,0.031367230706702394,0.5425551652295849,0.0,0.002650453671317434,0.0034948455243548246,0.0030928577500226938,0.0030831276337183224,0.0024782221209684735,0.0028147583913945037,0.004244648699725832,0.004121100710251884,0.0032358032163763307,0.00398694899514411,0.003699909858010842,35.86737013766573,9.837162445375313,12.145607447280598,15.1168376315054,19.733010911444307,55.71485004726614,37.56302994717543,0.3662221623563218,0.029873120962215966,0.30661410093307495,0.04246646165847778,Unknown
-1.0032019612561647e-05,0.20597267527941374,0.9999999903857977,1870.9311690518505,2626.243958501031,2823.7052159339905,2548.4647823335126,1835.9097824396813,4.104891293580265,43.059041335759105,0.4412821567620873,1832.0232909157653,4706.0,-292.98777650216164,159.76095203666665,-42.24630849401145,15.860566375684877,-38.21072119968299,-0.6385536630996164,-20.523750066508114,-28.195900209088098,8.46138329676548,-50.83105067771655,34.65358082893931,34.552654127767156,-72.80773387509853,25.552452404095643,17.481495033526418,5.017693678136209,8.583793668354161,8.243133874287517,2.936215321143695,3.861292691013724,2.968054767148203,7.003514100390736,6.1862531833808285,3.5264999371318773,5.437658782452767,6.078836344783268,0.0988189341163028,0.3902374090403966,0.9342325412761215,0.23057834445732986,0.9996828678805985,0.9415016024674429,0.6049708199374019,0.3099367474680653,0.006042895725493666,0.0019998596098078454,0.0017647139854411401,0.003413199376704459,0.0029558275608230194,0.010551813753556126,0.027455441583956262,0.007620489022627443,0.002077247017920954,0.002385121374947885,0.004826584554718319,0.002978241616182631,0.0019653312673614262,0.0017136049558849151,0.0013175286765834647,0.0014538856218871423,35.679554329056685,10.04732586030931,25.91688862256208,29.229418951864464,41.47740652432864,54.94735077583768,37.9593010274265,0.25646551724137934,0.020488154972283377,0.20378239452838898,0.014180431142449379,Unknown
5.948132505177265e-07,0.2486004222444518,0.9999999898038332,2725.475694374883,2786.3139540760535,3578.1464089740434,2764.311799111084,2628.368420006473,4.587213708315907,52.004164869171916,0.36326842132470094,2257.3695913655665,5979.0,-269.9028728950264,174.63852865755482,-37.80406289467684,-32.4768438813755,0.6245946745290943,29.712329897055184,-57.16279040754076,6.591729274535108,5.558418397808971,-37.59910225920432,17.507148130783342,-11.779670118583565,-4.497578467103178,24.70115979426521,22.994867424419834,6.838817916563782,4.964506180152979,4.598622813047871,5.5523768129377,6.385891459610277,2.9409138113415394,3.58735121088098,3.771241995699324,3.189182725923302,3.5366446674832495,4.4244853314278245,0.014271984031366543,0.03253577855632144,0.4080637312270771,0.20241080080420865,0.13297678238937938,1.0,0.42870138589957324,0.03704231788278229,0.0028999638542813837,0.0046878656546784055,0.18200663321495383,0.32909421846702,0.002366448000445365,0.0020228168253283475,0.004122572122160731,0.004284528794136505,0.0059393372114149735,0.0,0.009857435565778144,0.00354279969467651,0.002604458960906494,0.002666002660896367,0.0044054460984402554,0.003652406698958849,35.610560704809586,9.713618930577347,11.673621768483574,29.220382197499156,39.307994611225524,51.00348790340496,34.46016496479597,0.31269082255747127,0.025903658597609385,0.24284398555755615,0.04353731498122215,Unknown
-1.1810309910737285e-05,0.2753224647186255,0.9999999901920528,3342.8884735735996,3377.297767063971,5271.609905350601,3181.2672357328393,2374.254759159977,5.388802100375271,57.566042839067215,1.0336259657762392,2112.97213986428,5226.5,-266.82534257802143,176.6019213586557,-36.16460931335942,8.120167658318739,-35.404413273075505,12.393032038073011,-16.330041227002457,-22.826326580252207,23.590608068104224,-28.45786718136802,-7.319115192140303,-5.858395995560358,-3.26275405884931,28.297022786182925,29.98836620335668,5.214721723740838,10.542859132984528,7.4416893126870205,3.451259304091809,4.2972387361678175,5.519327145850857,5.456164625448174,4.272164950079172,3.354785074772142,3.5977173837607808,3.8047675557845664,0.15073413929922125,0.1161751858685071,0.13630720419118655,0.4252182615110561,1.0,0.048450944252882946,0.004297358630588024,0.00495678027658948,0.10469392022202437,0.7628517376389006,0.1120345228898958,0.029900198925625895,0.0025174107661361145,0.002878004219805997,0.002666391019553945,0.001910720494031867,0.0,0.0033762229623597742,0.002841454653571482,0.003363924040332549,0.0031314762192870675,0.0020055265833787066,0.003593296976561395,0.00320141676931298,35.045339598734735,10.794364604726036,11.772736062651925,14.918794079820362,35.74146547235559,55.49719678428314,35.75026411735555,0.4276221264367816,0.034665375960189974,0.27095508575439453,0.02947494573891163,Unknown
-8.427226770584372e-05,0.26716783592558724,0.9999999900124875,3147.798890784468,2593.097674617167,4937.071338408061,3728.6931052332316,2631.368219025831,4.274598541273814,55.942175601372206,0.5937559558533945,2405.6238357993884,5937.5,-276.00101028254755,166.04738045437858,3.4564996326660813,2.0648437878519146,-34.44162687249814,27.708259017036056,-13.157834661682108,-12.407002985155524,0.637805753506114,-16.589440296246345,-5.244067956000894,-26.04040612140869,2.268557722057107,26.60633328710445,18.123651610584005,4.834411918832846,12.604259708529833,7.5347151709127935,6.515520249324362,3.244689729207778,4.011655756914906,3.2729400814925387,2.6816895353556545,3.2652940500323266,3.6932883432980868,2.9403809822444997,0.0036340309896768144,0.021157597157525042,0.2528076747532764,0.06805921455086754,0.007492261336109682,0.36686922960668167,0.6575880888681844,0.04583424613974359,0.32398213062893017,0.9996853043581618,0.4204643100130886,0.02070766697175236,0.004215233126996126,0.004154548223714798,0.020852204600657336,0.007930586801586918,0.003918285083231352,0.031636475730600896,0.053807628839542355,0.0176256756778117,0.032090680008505124,0.0029183673246017698,0.04588557875583583,0.013418819446986047,32.11996770161217,23.990425834978243,12.21155174640749,14.733385747442059,19.771515256561486,52.184027741697946,33.21871425877155,0.37486530172413796,0.03007432813995261,0.26216810941696167,0.03441869094967842,Unknown
-9.141203670526497e-06,0.24020716055233587,0.999999990193529,2544.5470708302178,3585.69712151417,2915.158716237368,2886.9000691298465,2763.707905229194,5.50185397995931,50.14256352935874,1.3059370884882249,1789.7840949556407,5678.0,-296.65707154468635,160.4237187170481,-44.15331106450405,18.84516585683127,-33.29149920678841,6.103770784412779,-32.4623894723351,9.69003778655674,6.176610178650185,-43.64371208568685,20.950409580837306,-19.0570507917517,-1.5648980663572403,31.96645488348741,25.813164178707588,6.13718194441873,12.7786052281178,5.660367074151458,4.635161694017664,4.361675969291674,3.733750652090091,2.9196343568003194,5.232141635663747,4.903410386730251,3.9672608139958667,3.3509030287717416,0.13793486595259133,0.4152409177959403,0.08403208085693092,0.16454711916454026,0.3028565923048563,1.0,0.6961146700423362,0.011963155914248623,0.0025663537239146317,0.002575768817672136,0.09308841095533178,0.6819010095730096,0.0029790807469191193,0.002856166896802255,0.001973669610308343,0.0017779124750841402,0.001610544883053678,0.0,0.0009064292104533679,0.001810974928629055,0.0017439419489560604,0.0016197902302920073,0.0018343220594852203,0.0015684275841844827,35.59389747460764,9.971530565068973,12.02247437838361,14.733300771280856,40.72490272040195,55.08077495332514,33.559803319026955,0.358258126795977,0.02941355961747744,0.23488546907901764,0.0367606095969677,Unknown
2.4409525483448634e-06,0.2676786919539267,0.9999999901187434,3159.848002026643,2199.104791766055,4045.3978083494444,3519.033401877707,2577.5276761572713,5.174389473128568,55.973866180139886,0.5238178608435108,1379.237799726212,3222.5,-276.23511737707804,191.33697795328737,-58.776957415023254,-6.896877903328032,18.355852941550012,-36.61632358351387,-1.4435804255618299,5.365961286204867,-36.19501129802567,7.695581782189299,17.930004164235225,-43.55252757533804,-19.832957419600667,26.154470188625,24.985402493504257,5.928653454640147,9.01345200950744,6.515432924906696,7.493473284417205,3.9296497667359347,3.9274245303257262,4.075526962508062,5.372840684018961,4.864751493346904,3.13684537122156,3.1862333275380412,0.001847093935734926,0.0017983040467588949,0.0018498940582424757,0.06224613098607831,0.3982118962973496,0.08972850743879525,0.06573634230439936,0.6364328099690953,1.0,0.13917511907622152,0.002530933137383235,0.001955488169951174,0.0011953763450819118,0.0011994824707649433,0.0010092251976026132,0.0011632108439854397,0.002757389035081638,0.002167504108121525,0.0018917796919814952,0.00353790120598678,0.0,0.0033111112986207174,0.001588486544725687,0.0012206904858161338,36.09667918590834,9.668382510544628,12.318209914548998,14.365668032581187,40.52054243409148,53.15207515016714,40.17531946230537,0.22316698096264367,0.018236918394475752,0.2653159201145172,0.012395338155329227,Unknown
3.0332506824211966e-05,0.22956316817201458,0.9999999905977469,2324.0368853644027,2639.4326815168547,3501.080137495038,3420.7888296271803,2626.6967594496455,4.141592727605067,48.03003367770004,0.5503002558404694,2384.3679794580607,5339.5,-282.2779324723998,191.71920357742763,1.322041875699793,-46.35746482973337,-45.494650815094175,22.809906556665457,-43.978901954138706,-4.017673704357431,-6.270920005517838,-38.2973440951655,34.36205112932002,-22.738092846088822,3.7264547599021327,29.726508758766613,17.963650995728756,6.568336180497614,8.115252854518864,9.868490172413605,3.819437160568389,3.8265142448898453,2.8897288905123966,3.372983490130742,4.369668681473039,4.549100772681148,3.765728942485409,2.7944508977231743,0.4773793597058159,0.37815669360421633,0.08009100994831382,0.01722078641772533,0.45326738050991244,0.38147231607860865,0.24632226399909668,1.0,0.15450536127068526,0.004287235638908887,0.04650318767901106,0.17175706138414604,0.024993105752135925,0.013681234478973863,0.004519018538245211,0.0027629086001370695,0.014778567023740728,0.012818490694922226,0.010817334753759306,0.0,0.012375962641731554,0.0044074591404289175,0.00767950994466904,0.01903276492446156,36.19261151897497,10.004790555468729,25.394674536955993,26.04893769089024,19.177990487991135,53.37177841184788,36.880823404784984,0.31133261494252873,0.025467609704872336,0.2176484912633896,0.06588006764650345,Unknown
-8.072365226651851e-06,0.30548311891732677,0.9999999900144365,4115.409177980172,2040.6736593663393,4929.419525976591,4317.279843634074,3197.409077027298,4.519541170195779,63.99205363396421,0.2779607181262441,1711.0639827626485,3699.5,-268.4432950995613,183.99128086130514,-11.629965179883605,0.9211630826237988,-24.75877579293175,-10.978316622574823,12.829859601545671,-40.8524058800287,-13.797225292820713,4.854718600195583,-46.14150206761749,-5.117732457985904,4.474007618756647,20.905966800665432,16.81482367659642,3.7327422021857126,13.897295014528853,6.8286206577935955,3.4397985193059304,3.5513771630672184,2.7750065081767343,4.027407327846342,3.297213870589522,3.933477857744705,2.8589098689494876,3.29558240787029,0.09472871224302633,0.0040010665738486415,0.0031599695856033352,0.0031339871740374897,0.006052704727753977,0.21292560173968933,0.9972998455257853,0.2793325024681958,0.008125147328517211,0.11837323722323878,0.8762743618985505,0.33588812227323117,0.0052412956757897,0.002924787616233894,0.002804534680901518,0.0027756848250922025,0.005124258204856992,0.018778068804498973,0.01761966245132145,0.019694704274450324,0.007186838181534477,0.008087391351308915,0.02917980716919894,0.013021691986719165,36.30597530690657,24.358259803887417,12.051725500713767,14.789243567510372,19.210235232899098,55.01092905322171,39.913674780014695,0.26257745150862066,0.02187947514266699,0.2896523177623749,0.08978088200092316,Unknown
3.3493711124382065e-06,0.22964586696901382,0.9999999899415096,2325.7115884181208,2868.103793238112,3201.9216713187734,3162.3306057884665,2554.1591056234756,4.380613508276345,48.026261696782086,0.7135377883306654,2196.2871470873865,5769.5,-291.68959552145304,177.71540719591053,-54.73887534515642,-24.087644135473347,-27.621483978121258,25.574811279818878,2.068084804823217,-28.049997897882108,-5.293066181767471,-1.9352140959080975,-23.141256133288017,-11.591465736733278,26.45776971700549,35.4571450293969,27.290100862974462,6.607198794042366,5.135245588054662,5.710577327181392,6.05370755284427,6.217691544770397,4.585860164685732,3.917277365818688,3.545819730211572,3.9504114572713767,4.444842915767006,3.70118143917346,0.36257646436677726,0.05350896597679667,0.19804860426591797,0.3948049745671032,0.021033904056873397,0.2629136084854774,1.0,0.12869917799122366,0.019700902478309756,0.1282584572230044,0.1292096907067334,0.8611640904684638,0.005444718943069618,0.003085751885936774,0.005050118178112908,0.007276483805956805,0.00437990641546128,0.007091751232431588,0.0,0.003288022259739033,0.0015090554521864788,0.0016494197575954907,0.0034303650070478787,0.005426112506283026,35.81742326740735,10.616361091200991,12.524009301340467,29.4494220337638,40.95853128283011,54.581441641736674,36.307996995053195,0.28622822377873564,0.023152792013675816,0.22377799451351166,0.04024452716112137,Unknown
6.037183686866462e-06,0.22362638583584454,0.9999999899462431,2205.3863370996273,3000.7591364107925,2774.069966120612,2641.314909667544,2221.49279343629,4.386269670451642,46.75625067394652,0.8151022425414662,1895.8502712214613,5859.0,-297.9267642220232,174.22995669636038,-55.81855744110163,-12.064934865466773,-12.383306283523822,33.22922219035102,-52.930114727990805,-8.212825226492745,19.157358753738727,-29.140879240957698,-5.8145913964954286,-12.166313845836989,28.277248147868914,26.304029909328488,19.207388662489194,9.011166422181015,13.6761227574475,6.34332641429651,5.640241573623748,3.617972121596114,3.262484798381082,4.852316998705997,4.292183447320876,2.7826506905949966,3.6783411035961953,4.566311387550372,0.45473457618647295,1.0,0.0911132920094721,0.011524218577713822,0.33737107010166456,0.4576375318422112,0.5521386033862712,0.03712464065951224,0.003611039334503127,0.08789298006897449,0.7111786693061978,0.8516968481077124,0.005007058581378928,0.0,0.005186111506417975,0.0038453896739038336,0.005855837571803519,0.00678236269419205,0.006029715761489148,0.002846152046718345,0.00297338528940005,0.005279342167166421,0.006410156555162011,0.006537807776822641,36.143794451964304,10.07803817718923,12.348479373381224,27.543995183068247,40.866248601292135,52.38089403360961,33.580139674678065,0.3415723778735632,0.028073529477816928,0.2158997654914856,0.051748838275671005,Unknown
-4.320146667113121e-07,0.21719184141987727,0.9999999900534182,2080.298252697879,3409.6287963140194,2365.999445780987,2317.9269264216455,2313.3998104119414,5.489193095912936,45.278769980843684,0.8334267352649749,2075.727092788164,5822.0,-263.31765239343184,168.20268597195366,-43.09952583088703,27.02436030125186,-63.621709238915955,8.228437659043701,-7.6783643476845835,3.0879152912826213,-7.519652139583427,-20.81919575473836,24.823911213407282,-51.81048433462285,2.8247171603018626,27.021050852010806,26.427361634517126,5.308185241821066,8.108480260574959,8.854996870654343,3.922260685194925,3.168662491079246,5.79012711018764,4.064487684696744,3.7876128301835648,3.895294303965855,5.978617660306183,4.39578981719244,0.008702121666395175,0.09543983792209497,0.4508461988592187,0.1275348776424447,0.6980073859083057,1.0,0.559966512256571,0.10944560317924594,0.24517755031181937,0.8261248942812095,0.407093465877777,0.017917889986410765,0.005962752141610285,0.006800532196942836,0.006618271583175243,0.008084548630877002,0.005816096839530727,0.0,0.0056557149077710285,0.008379792778011385,0.006672963368676819,0.019126619996868148,0.023934078441444608,0.007075446228276766,35.58766480035835,10.418923856325582,12.60918004710036,25.105046815464444,38.16941916629375,50.57738349654922,36.41156596933811,0.3849620599856322,0.03142022956326842,0.2043219804763794,0.06736861169338226,Unknown
9.105822336268584e-06,0.24819763280113954,0.9999999899079932,2716.6510669853337,1994.991505766295,4111.919032099711,2943.6336922412884,2642.426755230509,4.681955333288863,51.9107923664416,0.40170758509550064,1728.6228788634683,3472.5,-272.23238422914096,199.0640739337846,-29.79805453249574,-12.688537871106007,-18.110352203722435,1.1553319592842408,-9.3671506718546,-38.256783102719396,-10.511925063278404,-2.1024972902372068,-4.745300471064716,-22.753247566867035,-10.482165044451547,26.209237523502868,22.03935542911541,8.050665926643198,9.866840030939851,7.51581010629443,4.250237904026108,4.33345387120177,4.504229502536822,4.2195878438667,4.219903048494966,3.9272306729672763,3.610244079777434,3.2291211981516197,0.006595088903848374,0.00468597051537149,0.05825349540380633,0.20771273905667523,0.019037382122435244,0.004265993520730193,0.012301105625160336,0.49359254793936075,0.7431193349163668,0.9291108168528487,0.6704369218832655,0.13973743440545416,0.006647093205645722,0.0038317156383453526,0.0077915113947629195,0.024116887540531744,0.004453099786809326,0.0034679051720433625,0.00448725432618587,0.192416264408184,0.26390277340605645,0.0999746033720817,0.08312509051088492,0.021166001669010167,35.00660098806776,9.719493024105313,23.20002408330297,23.563982574650023,37.94213045358184,54.17501904225506,40.94561376171274,0.25834568067528735,0.020864524579619792,0.2430872619152069,0.03932536020874977,Unknown
7.778155126584683e-06,0.25379414375496523,0.99999998934624,2840.545715198371,2662.9901537984856,5230.8695959553015,2826.691939172968,2363.2975191391483,4.3597690113858,53.11815256089122,0.40346223784689395,2043.1617993148152,5435.0,-289.8601558447194,200.43133204338994,-55.74613105901264,-34.163181795014424,15.093824917859022,28.592581572006868,-60.969621054065726,-12.7433227852291,23.2042754980268,-17.352951422409646,6.4288965890596845,-38.298466285419074,1.404841103981027,28.25864487622067,26.621513802923978,7.938733291004405,9.826079502414196,8.25532140752797,6.020097054644676,5.5556581491991235,4.50894405392313,4.169625892888918,3.1749693671541652,4.293960615439669,4.789962645379223,3.4750001711083707,0.09346688598207244,0.6522811972289979,0.09399876612292328,0.00479564833800473,0.20529235724390363,1.0,0.1208957532566248,0.11629532917630618,0.13268384597747998,0.28198812890668734,0.25414426249953204,0.044221616862939586,0.0027394271640954313,0.00485755688345476,0.0032225093327839273,0.0028877414188224104,0.0029170965486011034,0.0,0.0028295460243216775,0.0037090707816215492,0.003679509875681307,0.004658364010834857,0.0039519841236535305,0.002761183548856675,34.995310084668695,10.013017000100456,12.035235133310767,24.378260525631784,40.24651373050791,54.4399939740754,33.5776030178284,0.4044708602729885,0.0325597975726688,0.2481960654258728,0.04201421141624451,Unknown
4.2060905641364396e-06,0.24458961758569112,0.9999999900105879,2638.2419742346965,2895.282980729557,3228.9182304869237,3113.3154503834007,2723.1959927296375,5.400572600854084,51.079113055173735,0.2647831393586835,1768.0037801407966,5006.0,-265.6565250768259,168.42148200387106,-43.14499213066324,17.744234644455922,-55.43041157983718,16.680203006310297,0.9885415679047042,-16.279319931150336,7.898613979000014,-41.88623642865641,6.263514061002905,4.84497441835326,-12.591481693832128,26.97551073257137,23.6779653248146,7.179361785175192,8.677125687458446,4.316639475617812,4.923107262378859,4.080309324590828,5.163367634624689,5.391360386147928,2.981814026646887,3.043874498212158,3.2795350817194198,2.958821693668651,0.054304342366515684,0.09396606836968459,0.24163471337096742,0.5045699611123038,1.0,0.22447950433756247,0.005450213857302065,0.0026753847179834243,0.002887611396904252,0.013503777587037772,0.27560986406443105,0.20351345312415817,0.0015683420613348909,0.003428957533295404,0.005999238628394277,0.0034947135751578814,0.0,0.002465470758365322,0.0016557803155035384,0.0016013100180768977,0.001918928535223899,0.002164050109883651,0.0014700360660954287,0.002063063554046268,36.63057424521968,10.3851716231971,11.783651765037437,25.73857159500958,40.27252094906498,54.272049670287544,37.520716531568574,0.33392825071839083,0.026560154364420475,0.24181139469146729,0.010346398688852787,Unknown
-9.832840734700094e-07,0.2936116275718331,0.9999999901195747,3801.763444023932,2474.017271079547,5950.619618103135,3262.933255116541,3026.7007563253237,5.568721748291185,61.40645549603779,0.8766413709378206,1889.5131047399088,3500.0,-269.34948626974045,197.02015490927627,-47.37765577836022,-11.501552877745588,-3.784745933584295,-19.83027120561095,18.549904559678453,-24.93689463688308,-37.870771389758424,33.25101349861449,-0.8488312605881959,-41.417010812265346,8.419630723831997,30.60180947996434,26.204030994987413,8.795730946501928,9.46222520806805,6.980795216369902,6.48882440892423,3.5826171112730827,5.37278590814013,3.353568214975442,4.089368421523364,2.9637100043181435,3.987904905009635,2.9638224034080167,0.0033727137987755083,0.00288014135830173,0.0027311115462863053,0.003051565044019845,0.0034423557255284735,0.004113500110923465,0.12452949526448873,0.7764903277772175,0.4161153973139666,1.0,0.14285334062710894,0.004029478344691484,0.0027782953213966715,0.0021487709856696136,0.0019558153117340965,0.0025288264635364185,0.0027926683330514565,0.002800665719734297,0.004063818918575915,0.00793302609042214,0.004595091337488634,0.0,0.003254246594087113,0.0027440883952669953,35.92581158700148,10.251547699187897,12.006710189940096,27.945792337326488,19.423575390452466,54.76224547943246,40.262105679394764,0.28790633979885055,0.023156967008612774,0.28162944316864014,0.07199312746524811,Unknown
-1.1731064866619927e-05,0.2256973952874935,0.9999999900239829,2246.4237640335045,2828.9239060050268,3263.432006102906,2927.662576816987,2075.7202310099815,4.205777716633627,47.20948213969594,0.6579403698616291,1897.1582316651043,5324.0,-296.99715607571403,170.80915274345043,-36.48713203374461,15.694574154398323,-17.04707875593611,16.639084692263754,-42.551529562331865,-20.679404330843767,44.01410946804911,-65.75651728076737,-26.683360222042957,19.27271162848479,-38.24881375166208,24.718350462800345,17.500629243150403,6.9733080976008015,13.436512045893675,4.224623326997325,3.5225859064960545,5.331435537959622,4.9279076038524385,6.2746826749137705,4.452413200650661,4.262040124777676,3.532449405774074,4.419283719502377,0.13173724412450935,0.3378492065559058,1.0,0.31230061214931937,0.3429565238435958,0.022975622473573515,0.0015202937537632493,0.0014729696145368459,0.0013463489730608294,0.0020110811066840093,0.13508669664628697,0.7011713433999831,0.004889742726706343,0.007758856477872467,0.0,0.023875496261581006,0.005817814850544683,0.0022588481702343842,0.0011233155160767334,0.0010673111213941216,0.000909830847140732,0.0012042130098499743,0.0032751674301622876,0.011419773156600822,35.103562121276845,20.77910259780597,11.421895855497164,14.646232367683957,42.32406458115336,55.271443732030164,36.858988820523095,0.2934233566810345,0.02424225569726478,0.22256384789943695,0.024090221151709557,Unknown
-2.5829396617715524e-05,0.25580936325166326,0.9999999897723584,2885.83480685212,2570.868833410773,4521.812190009779,3242.4394749392636,2577.8080622017064,4.694087694702116,53.51448753341276,0.41865240028364936,1783.6175731972926,4730.5,-270.8258795735943,171.9516529485396,-45.70593338312705,-6.793068265169793,-18.71222516282807,16.496072911533044,-19.94786790860898,-23.014087867783868,13.54245652789739,-25.652125152974772,6.57546307440898,-12.310993002930186,-11.305846253433314,29.954106099986486,23.538364491136043,10.568759171181075,12.800368462067832,5.4263632516284765,4.232334140752452,3.139092932588872,3.2725190849014822,3.113094476909282,3.510070921671401,3.42198927071221,3.157773783981064,3.992393793575628,1.0,0.1418695610039852,0.10276039944092656,0.11050289464710988,0.24119102613663312,0.12178752564892376,0.16149938124780422,0.03443827043336417,0.4086938555841451,0.12200644805178312,0.004137834876787547,0.14355673192728,0.0,0.0047415937287926795,0.0027525895226241438,0.001685010188110931,0.0018935453329655268,0.0026059311616586822,0.0034961921723980936,0.0026493964096250162,0.001805945449702498,0.002707414664048627,0.002817213682142011,0.004439899306070651,34.554063373169534,10.209545790542814,12.158646319003315,25.760186226229905,40.75396417658867,55.09483266536783,37.54251200846588,0.28747979525862066,0.02374855853115207,0.24082443118095398,0.07882002741098404,Unknown
4.620239608249469e-06,0.2928330192928023,0.9999999899733796,3781.6269149383043,3364.298302057864,5375.508870095798,4839.316208302079,2943.770740679076,4.884006330821186,61.300680236754616,0.6966538617557013,2137.657501150289,5351.0,-285.6564438725127,191.49808120043954,-25.830678768105617,-8.55766336916464,-27.80912233472315,3.3048160834996123,-10.928723775189306,-9.223983441966247,-7.747303890504298,-13.11371427557351,9.46801084625124,-31.344498722686875,8.994058390014258,24.442059178129004,27.948390564430074,5.46196868510496,10.55691275125172,11.666142427407127,5.1316974131698645,3.5658897333135444,3.110078859206526,4.126767319268508,5.011757696934982,4.139155946789727,3.6111858986664997,3.2790115121314596,0.003303654042040003,0.003620166334510126,0.00387992617906344,0.04197333487248407,1.0,0.6036332775810035,0.01172548678361669,0.003457654643335562,0.06364843938693938,0.4554866183285101,0.06677524348730134,0.0033929822083888957,0.0021379039762820413,0.0024682888855311128,0.0032046588024613257,0.0023419912407032306,0.0,0.0013104971771963905,0.0023252918241948874,0.002497750824979257,0.00203375490894665,0.003601073577782699,0.002502080036506381,0.0022858356704609398,35.856166480638,10.469388820369563,11.748544036982128,14.622255001398871,19.64596974589949,55.513480344159,34.71067820632958,0.4344861260775862,0.03553825231601358,0.28888630867004395,0.025236155837774277,Unknown
1.121852558993864e-05,0.28449651182761815,0.9999999901434166,3569.377502726039,2134.097489261601,5174.476723633727,4063.499497915302,3669.2733605253957,4.300517750704732,59.58928640264231,0.5436170405518063,1714.1677811482953,3269.5,-287.68071012407216,201.1994519041512,-27.328064921786247,-35.756431880287174,-23.965299178743305,-27.184518012689615,13.955183482411114,3.681714079817654,-23.25738964751155,6.515092895200931,-2.819056077940389,-22.172767365422917,12.728854990525505,32.18128045851632,21.208529702662883,6.758313100543635,8.162483898356328,10.37741603336616,2.9679729848286938,4.439919706501741,3.62761770107135,2.5577912796211804,2.5616748488059016,2.469252481717788,2.6089017310629794,2.827296578466099,0.14315776124590096,1.0,0.15834767105211636,0.00232362143716594,0.0017039025413152814,0.019539932605601346,0.4908269084094207,0.5364913774462566,0.5975400903241032,0.03766749100574644,0.0017657120593493757,0.002218851806982191,0.009420820656657699,0.0,0.007202894411422967,0.001893731101237977,0.0014031201501842497,0.0031602162546713925,0.01605312430252699,0.013254082255747122,0.011016363997485646,0.0029546650329350735,0.0017165431057189217,0.0025441050168107447,36.04921719036291,10.403768830882035,25.322674960566932,30.346555331118786,19.460415493559616,53.97186776477831,39.15592315110285,0.1939655172413793,0.016321713072068218,0.28072866797447205,0.023901203647255898,Unknown
-1.193399981127207e-05,0.26262555336070464,0.999999990136695,3041.673200641258,2780.4789569015825,3678.640888919842,3263.288535625564,3083.065824104403,5.599631734433753,54.86635882751097,0.6860236544681017,1627.590139742989,4367.5,-283.22493756226044,186.75178220496832,-45.188227382384305,-5.978079071517785,-18.740616278984138,-11.819348641644112,3.4131437721032496,-16.403418748814584,16.153446276489053,-13.716556284399697,-44.64766233428709,14.242846908733423,3.8670898161713847,30.789100924466144,28.246956045965412,6.235475813846407,13.200254062662513,7.1369795272704275,3.4068208880483586,3.9292027599753947,5.585366835416482,4.335834421350215,2.7599928885397715,3.7172323434304357,3.733063076214947,3.5385852347265634,0.9841540452080764,1.0,0.023501701354013797,0.0027988148985861427,0.0027103032190419624,0.0029782936388626354,0.0031324950623517786,0.0034129450645080037,0.08480655596027982,0.6082170547220752,0.09185794449384883,0.10691871418303746,0.0033994516110282713,0.0,0.0027742911400486098,0.0021827209559979435,0.0025355560322656385,0.0030406503935494085,0.00337217296810283,0.0032305929051170625,0.0027238330306050755,0.0019447098940998206,0.0029500616321662225,0.00796746138528097,35.68814274443061,9.782802924677336,12.088387842127934,24.316464802860384,40.13014271770678,55.44351248279291,37.59231958535219,0.3051477191091954,0.024877665045160816,0.24714353680610657,0.08146968483924866,Unknown
2.4922061088192874e-05,0.28961724141432077,0.9999999900128584,3699.026289118759,1749.6519587658315,4859.270323625648,3987.0322099267605,3735.6876907810993,5.469381784397123,60.57319684863392,0.6046139171835485,1681.505202161218,3005.5,-256.77874536042566,198.13242430498312,-36.79371279627599,-27.43965698294014,-3.5829336611154456,-33.58549785451881,-2.3569641425464187,9.337495378181885,-20.120993830821718,11.06056447568405,14.87160003589796,-42.997041711328556,-25.84353856733112,30.099331001257895,19.743534524258283,4.993030467487728,8.098357155215139,9.50395074991407,3.569285460609553,4.360343666021746,3.064835536457336,3.407165003551647,5.619746633568785,4.3438632570965705,3.547675136564002,3.01618841267687,0.001960213650224006,0.0017344060491281401,0.001711528910070944,0.0017988573129484578,0.002364303197540036,0.05140175945878489,0.2562644832584143,0.20184577723084107,1.0,0.1617822281979243,0.002652102518589741,0.0019310274663562616,0.0014824948449968728,0.0011701969946292766,0.0011331439286807535,0.001224594356327392,0.001249473148342451,0.002994249941142913,0.008818054572890963,0.012574365990858141,0.0,0.009905035200054365,0.002375054502905857,0.0014209877251870392,36.18243199219761,10.064353867719738,11.794019451980747,30.53071918787157,38.20232528375974,22.911750026959012,43.78203925470563,0.13046650502873564,0.011263445588922363,0.2840227484703064,0.0388517752289772,Unknown
1.5198896333534783e-05,0.2398579114777159,0.9999999902540608,2537.1531706891087,2876.788169673452,3426.783214562055,3055.3862506506616,2787.9710519897385,4.299073161032471,50.186364182068864,0.3760530073777319,2298.546489756798,5427.0,-282.6506114267373,188.8433498996008,-23.93537089776851,-16.003851823722872,-33.31222150244642,24.758271640171557,-38.72805324941813,-34.0162487827712,21.658130645165926,-22.600967031524064,7.703827320602733,-9.792045069457474,-10.678986433255599,25.45300200834941,22.395332443700607,7.312657128185587,8.494707352115862,6.651312378547708,5.184393086347591,8.42961534707955,4.16180396324269,3.133732128637978,3.764177080837343,3.8139330420248316,3.17773020887083,3.545087124493632,0.17535736177594222,0.8771418986171745,0.9987859246258861,0.18811611953209417,0.43475127903912064,0.843795535964948,0.054431868671496526,0.0065996314875516205,0.11456555000878536,0.8145136832915216,0.12494207678203277,0.007484684078137375,0.01003753617207245,0.03594650351600393,0.007960446516604755,0.012853174175143027,0.020252255394868857,0.03799160783543246,0.006796147703548122,0.00608311160079332,0.008047556986578934,0.03821394295886222,0.007832105949177213,0.00522937099631377,35.29226208127591,9.846036945594946,23.912542490877836,14.242536861313473,38.335524025005846,54.96172798380051,37.08253209625372,0.35888671875,0.03042630703104308,0.23251347243785858,0.04942772164940834,Unknown
